id,link
0,https://www.autosphere.fr/fiche-mixte/auto-occasion-ds-ds-3-crossback-puretech-130ch-performance-line-automatique-7cv-73000-chambery-400051
1,https://www.autosphere.fr/fiche-mixte/auto-occasion-ds-ds-7-crossback-bluehdi-130ch-grand-chic-automatique-139g-08000-charleville-mezieres-230172
2,https://www.autosphere.fr/fiche-mixte/auto-occasion-ds-ds-7-crossback-bluehdi-130ch-performance-line-automatique-71100-chalon-sur-saone-607439
3,https://www.autosphere.fr/fiche-mixte/auto-occasion-ds-ds-3-crossback-bluehdi-130ch-grand-chic-automatique-98g-08000-charleville-mezieres-221162
4,https://www.autosphere.fr/fiche-mixte/auto-occasion-ds-ds-3-crossback-puretech-130ch-performance-line-automatique-109g-51100-reims-256777
5,https://www.autosphere.fr/fiche-mixte/auto-occasion-ds-ds-3-crossback-puretech-130ch-performance-line-automatique-38320-eybens-320136
6,https://www.autosphere.fr/fiche/auto-occasion-ds-ds-3-crossback-bluehdi-130ch-grand-chic-automatique-7cv-16430-champniers-2220817
7,https://www.autosphere.fr/fiche/auto-occasion-ds-ds-7-e-tense-4x4-360ch-la-premiere-86000-poitiers-st38422436
8,https://www.autosphere.fr/fiche/auto-occasion-ds-ds-3-crossback-bluehdi-130ch-performance-line-automatique-126g-86000-poitiers-st38512388
9,https://www.autosphere.fr/fiche-mixte/auto-occasion-ds-ds-7-crossback-bluehdi-130ch-rivoli-automatique-51100-reims-256439
10,https://www.autosphere.fr/fiche-mixte/auto-occasion-ds-ds-9-hybrid-e-tense-4x4-360ch-rivoli-86000-poitiers-st37664957
11,https://www.autosphere.fr/fiche4/auto-occasion-ds-ds-3-crossback-puretech-130ch-grand-chic-automatique-7cv-71000-sance-190215
12,https://www.autosphere.fr/fiche-mixte/auto-occasion-ds-ds-3-crossback-bluehdi-130ch-performance-line-automatique-126g-79000-niort-3211076
13,https://www.autosphere.fr/fiche4/auto-occasion-ds-ds-7-crossback-bluehdi-130ch-rivoli-automatique-51530-dizy-304322
14,https://www.autosphere.fr/fiche/auto-occasion-ds-ds-3-crossback-bluehdi-130ch-grand-chic-eat8-63200-riom-50905
15,https://www.autosphere.fr/fiche-mixte/auto-occasion-ds-ds-7-crossback-bluehdi-130ch-performance-line-automatique-138g-51100-reims-256311
16,https://www.autosphere.fr/fiche-mixte/auto-occasion-ds-ds-9-hybrid-e-tense-225ch-rivoli-51100-reims-256798
17,https://www.autosphere.fr/fiche-mixte/auto-occasion-ds-ds-3-crossback-puretech-130ch-performance-line-automatique-70000-vesoul-022588
18,https://www.autosphere.fr/fiche/auto-occasion-ds-ds-4-crossback-bluehdi-120-sport-chic-s-s-eat6-10510-maizieres-la-grande-paroisse-21607
19,https://www.autosphere.fr/fiche-mixte/auto-occasion-ds-ds-3-crossback-puretech-130ch-grand-chic-automatique-62231-coquelles-220946
20,https://www.autosphere.fr/fiche-mixte/auto-occasion-ds-ds-7-crossback-bluehdi-180ch-so-chic-automatique-57180-terville-230175
21,https://www.autosphere.fr/fiche-mixte/auto-occasion-ds-ds-3-crossback-bluehdi-130ch-performance-line-automatique-126g-79000-niort-3211075
22,https://www.autosphere.fr/fiche4/auto-occasion-ds-ds-3-thp-165ch-sport-chic-s-s-25000-besancon-189955
23,https://www.autosphere.fr/fiche/auto-occasion-ds-ds-7-crossback-bluehdi-130ch-business-automatique-100g-16430-champniers-3148
24,https://www.autosphere.fr/fiche-mixte/auto-occasion-ds-ds-3-puretech-130ch-sport-chic-s-s-63000-clermont-ferrand-131946
25,https://www.autosphere.fr/fiche4/auto-occasion-ds-ds-3-puretech-110ch-connected-chic-s-s-01000-bourg-en-bresse-154864
26,https://www.autosphere.fr/fiche4/auto-occasion-ds-ds-7-crossback-bluehdi-180ch-performance-line-automatique-128g-02100-saint-quentin-q409431
27,https://www.autosphere.fr/fiche-mixte/auto-occasion-ds-ds-7-crossback-e-tense-225ch-rivoli-79000-niort-3207001
28,https://www.autosphere.fr/fiche-mixte/auto-occasion-ds-ds-3-crossback-puretech-130ch-grand-chic-automatique-7cv-08000-charleville-mezieres-220866
29,https://www.autosphere.fr/fiche-mixte/auto-occasion-ds-ds-3-crossback-puretech-130ch-performance-line-automatique-38320-eybens-121059
30,https://www.autosphere.fr/fiche-mixte/auto-occasion-ds-ds-4-puretech-180ch-rivoli-automatique-44000-nantes-72580
31,https://www.autosphere.fr/fiche-mixte/auto-occasion-ds-ds-3-crossback-bluehdi-130ch-grand-chic-automatique-98g-08000-charleville-mezieres-221261
32,https://www.autosphere.fr/fiche/auto-occasion-ds-ds-7-crossback-bluehdi-130ch-performance-line-64121-serres-castet-6940
33,https://www.autosphere.fr/fiche-mixte/auto-occasion-ds-ds-9-hybrid-e-tense-225ch-rivoli-79000-niort-st38028201
34,https://www.autosphere.fr/fiche-mixte/auto-occasion-ds-ds-3-crossback-puretech-130ch-performance-line-automatique-7cv-38170-seyssinet-pariset-320133
35,https://www.autosphere.fr/fiche4/auto-occasion-ds-ds-7-crossback-bluehdi-130ch-performance-line-51100-reims-256220
36,https://www.autosphere.fr/fiche-mixte/auto-occasion-ds-ds-9-hybrid-e-tense-225ch-rivoli-73000-chambery-400014
37,https://www.autosphere.fr/fiche-mixte/auto-occasion-ds-ds-4-puretech-225ch-rivoli-automatique-03110-charmeil-41953
38,https://www.autosphere.fr/fiche4/auto-occasion-ds-ds-7-crossback-bluehdi-130ch-performance-line-automatique-01000-bourg-en-bresse-155031
39,https://www.autosphere.fr/fiche4/auto-occasion-ds-ds-7-crossback-e-tense-4x4-300ch-performance-line-38170-seyssinet-pariset-320060
40,https://www.autosphere.fr/fiche4/auto-occasion-ds-ds-4-bluehdi-180ch-sport-chic-s-s-eat6-74600-seynod-155216
41,https://www.autosphere.fr/fiche/auto-occasion-ds-ds-5-bluehdi-150ch-so-chic-s-s-63200-riom-50830
42,https://www.autosphere.fr/fiche-mixte/auto-occasion-ds-ds-3-crossback-bluehdi-130ch-connected-chic-automatique-126g-16430-champniers-3208010
43,https://www.autosphere.fr/fiche-mixte/auto-occasion-ds-ds-7-crossback-e-tense-4x4-300ch-rivoli-73000-chambery-400024
44,https://www.autosphere.fr/fiche4/auto-occasion-ds-ds-3-thp-165ch-sport-chic-s-s-74600-seynod-155234
45,https://www.autosphere.fr/fiche-mixte/auto-occasion-ds-ds-3-crossback-bluehdi-130ch-performance-line-automatique-86000-poitiers-3207053
46,https://www.autosphere.fr/fiche-mixte/auto-occasion-ds-ds-3-crossback-bluehdi-130ch-grand-chic-automatique-98g-13700-marignane-227626
47,https://www.autosphere.fr/fiche-mixte/auto-occasion-ds-ds-7-crossback-bluehdi-180ch-performance-line-automatique-38312-bourgoin-jallieu-214215
48,https://www.autosphere.fr/fiche4/auto-occasion-ds-ds-3-puretech-110ch-connected-chic-s-s-73000-chambery-325977
49,https://www.autosphere.fr/fiche-mixte/auto-occasion-ds-ds-7-crossback-bluehdi-180ch-grand-chic-automatique-86000-poitiers-3212281
50,https://www.autosphere.fr/fiche-mixte/auto-occasion-ds-ds-4-e-tense-225ch-rivoli-08000-charleville-mezieres-220878
51,https://www.autosphere.fr/fiche-mixte/auto-occasion-ds-ds-3-crossback-bluehdi-130ch-so-chic-automatique-98g-79000-niort-3212047
52,https://www.autosphere.fr/fiche-mixte/auto-occasion-ds-ds-7-crossback-bluehdi-130ch-performance-line-automatique-100g-51100-reims-256293
53,https://www.autosphere.fr/fiche-mixte/auto-occasion-ds-ds-3-crossback-bluehdi-130ch-bastille-automatique-73000-chambery-325732
54,https://www.autosphere.fr/fiche-mixte/auto-occasion-ds-ds-7-crossback-bluehdi-130ch-rivoli-automatique-51100-reims-256057
55,https://www.autosphere.fr/fiche4/auto-occasion-ds-ds-7-crossback-bluehdi-130ch-performance-line-automatique-38170-seyssinet-pariset-320116
56,https://www.autosphere.fr/fiche-mixte/auto-occasion-ds-ds-7-crossback-e-tense-225ch-business-16430-champniers-3212003
57,https://www.autosphere.fr/fiche4/auto-occasion-ds-ds-3-puretech-110ch-connected-chic-automatique-38170-seyssinet-pariset-320137
58,https://www.autosphere.fr/fiche-mixte/auto-occasion-ds-ds-3-crossback-puretech-100ch-performance-line-105g-79000-niort-3212012
59,https://www.autosphere.fr/fiche-mixte/auto-occasion-ds-ds-3-crossback-e-tense-grand-chic-4cv-03100-montlucon-131080
60,https://www.autosphere.fr/fiche-mixte/auto-occasion-ds-ds-7-crossback-bluehdi-180-automatique-grand-chic-38170-seyssinet-pariset-320129
61,https://www.autosphere.fr/fiche-mixte/auto-occasion-ds-ds-3-crossback-e-tense-rivoli-16430-champniers-010262
62,https://www.autosphere.fr/fiche-mixte/auto-occasion-ds-ds-7-crossback-bluehdi-130ch-rivoli-automatique-51100-reims-256440
63,https://www.autosphere.fr/fiche4/auto-occasion-ds-ds-7-crossback-bluehdi-180ch-executive-automatique-08000-charleville-mezieres-230033
64,https://www.autosphere.fr/fiche/auto-occasion-ds-ds-7-crossback-bluehdi-130ch-drive-efficiency-performance-line-33700-merignac-221224
65,https://www.autosphere.fr/fiche4/auto-occasion-ds-ds-3-crossback-bluehdi-130ch-grand-chic-automatique-98g-51100-reims-256837
66,https://www.autosphere.fr/fiche-mixte/auto-occasion-ds-ds-3-crossback-bluehdi-130ch-connected-chic-automatique-126g-79000-niort-3212022
67,https://www.autosphere.fr/fiche/auto-occasion-ds-ds-3-crossback-puretech-100ch-performance-line-bioethanol-34200-sete-51577
68,https://www.autosphere.fr/fiche-mixte/auto-occasion-ds-ds-7-crossback-bluehdi-180ch-so-chic-automatique-57180-terville-230172
69,https://www.autosphere.fr/fiche4/auto-occasion-ds-ds-7-crossback-bluehdi-180ch-grand-chic-automatique-08000-charleville-mezieres-290121
70,https://www.autosphere.fr/fiche-mixte/auto-occasion-ds-ds-3-crossback-puretech-130ch-so-chic-automatique-7cv-86000-poitiers-3207304
71,https://www.autosphere.fr/fiche-mixte/auto-occasion-ds-ds-3-crossback-puretech-130ch-grand-chic-automatique-109g-51000-chalons-en-champagne-19764
72,https://www.autosphere.fr/fiche-mixte/auto-occasion-ds-ds-9-hybrid-e-tense-225ch-rivoli-79000-niort-3212026
73,https://www.autosphere.fr/fiche/auto-occasion-ds-ds-3-crossback-bluehdi-110ch-performance-line-16430-champniers-3212005
74,https://www.autosphere.fr/fiche-mixte/auto-occasion-ds-ds-3-crossback-puretech-100ch-so-chic-bvm-71000-sance-319902
75,https://www.autosphere.fr/fiche-mixte/auto-occasion-ds-ds-3-crossback-puretech-130ch-bastille-automatique-86000-poitiers-69173
76,https://www.autosphere.fr/fiche-mixte/auto-occasion-ds-ds-7-crossback-e-tense-4x4-300ch-grand-chic-71100-chalon-sur-saone-606575
77,https://www.autosphere.fr/fiche/auto-occasion-ds-ds-3-crossback-bluehdi-130ch-so-chic-automatique-126g-80136-rivery-947047
78,https://www.autosphere.fr/fiche-mixte/auto-occasion-ds-ds-7-crossback-e-tense-225ch-business-79000-niort-3212044
79,https://www.autosphere.fr/fiche-mixte/auto-occasion-ds-ds-3-crossback-bluehdi-130ch-grand-chic-automatique-7cv-08000-charleville-mezieres-230216
80,https://www.autosphere.fr/fiche-mixte/auto-occasion-ds-ds-3-crossback-puretech-130ch-performance-line-automatique-7cv-73000-chambery-400064
81,https://www.autosphere.fr/fiche4/auto-occasion-ds-ds-3-crossback-bluehdi-100ch-grand-chic-73000-chambery-400054
82,https://www.autosphere.fr/fiche-mixte/auto-occasion-ds-ds-7-e-tense-4x4-300ch-performance-line-16430-champniers-576934
83,https://www.autosphere.fr/fiche-mixte/auto-occasion-ds-ds-3-crossback-puretech-130ch-grand-chic-automatique-7cv-71103-chalon-sur-saone-607458
84,https://www.autosphere.fr/fiche-mixte/auto-occasion-ds-ds-3-crossback-puretech-130ch-grand-chic-automatique-109g-51100-reims-256784
85,https://www.autosphere.fr/fiche-mixte/auto-occasion-ds-ds-7-crossback-e-tense-225ch-performance-line-79000-niort-3206035
86,https://www.autosphere.fr/fiche-mixte/auto-occasion-ds-ds-4-puretech-130ch-performance-line-automatique-51100-reims-256835
87,https://www.autosphere.fr/fiche-mixte/auto-occasion-ds-ds-3-crossback-e-tense-grand-chic-4cv-51100-reims-256621
88,https://www.autosphere.fr/fiche-mixte/auto-occasion-ds-ds-3-crossback-bluehdi-110ch-performance-line-59190-hazebrouck-221122
89,https://www.autosphere.fr/fiche-mixte/auto-occasion-ds-ds-3-crossback-bluehdi-130ch-connected-chic-automatique-126g-16430-champniers-31415
90,https://www.autosphere.fr/fiche-mixte/auto-occasion-ds-ds-7-crossback-e-tense-225ch-performance-line-08000-charleville-mezieres-230210
91,https://www.autosphere.fr/fiche-mixte/auto-occasion-ds-ds-3-crossback-puretech-130ch-performance-line-automatique-7cv-73000-chambery-325816
92,https://www.autosphere.fr/fiche-mixte/auto-occasion-ds-ds-3-crossback-puretech-155ch-so-chic-automatique-123g-86000-poitiers-68900
93,https://www.autosphere.fr/fiche-mixte/auto-occasion-ds-ds-7-crossback-e-tense-4x4-300ch-grand-chic-51100-reims-255430
94,https://www.autosphere.fr/fiche-mixte/auto-occasion-ds-ds-4-e-tense-225ch-cross-trocadero-71000-sance-319903
95,https://www.autosphere.fr/fiche4/auto-occasion-ds-ds-3-thp-165ch-sport-chic-s-s-01000-bourg-en-bresse-154761
96,https://www.autosphere.fr/fiche-mixte/auto-occasion-ds-ds-7-crossback-bluehdi-180ch-grand-chic-automatique-16430-champniers-75189
97,https://www.autosphere.fr/fiche/auto-occasion-ds-ds-7-crossback-bluehdi-180ch-grand-chic-automatique-16430-champniers-3212013
98,https://www.autosphere.fr/fiche-mixte/auto-occasion-ds-ds-3-crossback-e-tense-performance-line-4cv-86000-poitiers-21069
99,https://www.autosphere.fr/fiche-mixte/auto-occasion-ds-ds-3-crossback-puretech-130ch-bastille-automatique-64400-oloron-sainte-marie-81402
100,https://www.autosphere.fr/fiche-mixte/auto-occasion-ds-ds-3-crossback-bluehdi-130ch-grand-chic-automatique-126g-16430-champniers-3208008
101,https://www.autosphere.fr/fiche/auto-occasion-ds-ds-7-crossback-bluehdi-130ch-business-84000-avignon-56764
102,https://www.autosphere.fr/fiche/auto-occasion-ds-ds-3-puretech-110ch-sport-chic-s-s-eat6-57500-saint-avold-st38582836
103,https://www.autosphere.fr/fiche-mixte/auto-occasion-ds-ds-3-crossback-bluehdi-100ch-performance-line-38170-seyssinet-pariset-320151
104,https://www.autosphere.fr/fiche/auto-occasion-ds-ds-3-crossback-puretech-100ch-so-chic-08000-charleville-mezieres-020334
105,https://www.autosphere.fr/fiche-mixte/auto-occasion-ds-ds-7-crossback-e-tense-225ch-grand-chic-08000-charleville-mezieres-230171
106,https://www.autosphere.fr/fiche-mixte/auto-occasion-ds-ds-3-crossback-puretech-100ch-performance-line-73000-chambery-400023
107,https://www.autosphere.fr/fiche-mixte/auto-occasion-ds-ds-7-crossback-bluehdi-130ch-performance-line-automatique-08000-charleville-mezieres-221234
108,https://www.autosphere.fr/fiche-mixte/auto-occasion-ds-ds-7-crossback-bluehdi-130ch-performance-line-automatique-86100-chatellerault-3206303
109,https://www.autosphere.fr/fiche-mixte/auto-occasion-ds-ds-7-crossback-e-tense-225ch-performance-line-08000-charleville-mezieres-230011
110,https://www.autosphere.fr/fiche-mixte/auto-occasion-ds-ds-3-crossback-bluehdi-130ch-performance-line-automatique-126g-79000-niort-3211030
111,https://www.autosphere.fr/fiche-mixte/auto-occasion-ds-ds-7-crossback-e-tense-225ch-performance-line-73000-chambery-220974
112,https://www.autosphere.fr/fiche-mixte/auto-occasion-ds-ds-3-crossback-puretech-130ch-so-chic-automatique-7cv-74600-seynod-155190
113,https://www.autosphere.fr/fiche-mixte/auto-occasion-ds-ds-3-crossback-puretech-155ch-grand-chic-automatique-119g-51100-reims-256671
114,https://www.autosphere.fr/fiche4/auto-occasion-ds-ds-7-crossback-bluehdi-130ch-performance-line-automatique-100g-08000-charleville-mezieres-290228
115,https://www.autosphere.fr/fiche/auto-occasion-ds-ds-3-crossback-bluehdi-130ch-bastille-automatique-63170-aubiere-63174
116,https://www.autosphere.fr/fiche/auto-occasion-ds-ds-3-bluehdi-100ch-so-chic-s-s-86500-montmorillon-3211703
117,https://www.autosphere.fr/fiche4/auto-occasion-ds-ds-7-crossback-puretech-225ch-performance-line-automatique-01000-bourg-en-bresse-155112
118,https://www.autosphere.fr/fiche-mixte/auto-occasion-ds-ds-3-crossback-e-tense-performance-line-4cv-08000-charleville-mezieres-230142
119,https://www.autosphere.fr/fiche-mixte/auto-occasion-ds-ds-7-crossback-bluehdi-130ch-rivoli-automatique-51100-reims-255943
120,https://www.autosphere.fr/fiche-mixte/auto-occasion-ds-ds-3-crossback-puretech-130ch-performance-line-automatique-7cv-08000-charleville-mezieres-230061
121,https://www.autosphere.fr/fiche-mixte/auto-occasion-ds-ds-7-crossback-e-tense-225ch-rivoli-86400-civray-2302092
122,https://www.autosphere.fr/fiche/auto-occasion-ds-ds-3-crossback-bluehdi-130ch-grand-chic-automatique-98g-86400-civray-2301023
123,https://www.autosphere.fr/fiche-mixte/auto-occasion-ds-ds-3-crossback-e-tense-performance-line-4cv-59640-dunkerque-600384
124,https://www.autosphere.fr/fiche/auto-occasion-ds-ds-7-crossback-bluehdi-180ch-executive-automatique-128g-62114-sains-en-gohelle-222424
125,https://www.autosphere.fr/fiche-mixte/auto-occasion-ds-ds-3-puretech-110ch-cafe-racer-automatique-51100-reims-256709
126,https://www.autosphere.fr/fiche4/auto-occasion-ds-ds-7-crossback-puretech-130ch-business-69200-venissieux-614957
127,https://www.autosphere.fr/fiche/auto-occasion-ds-ds-3-crossback-puretech-155ch-grand-chic-automatique-119g-80136-rivery-947033
128,https://www.autosphere.fr/fiche/auto-occasion-ds-ds-5-bluehdi-120ch-so-chic-s-s-60400-noyon-136919
129,https://www.autosphere.fr/fiche-mixte/auto-occasion-ds-ds-3-crossback-puretech-155ch-grand-chic-automatique-114g-07430-davezieux-402409
130,https://www.autosphere.fr/fiche-mixte/auto-occasion-ds-ds-3-crossback-puretech-130ch-performance-line-automatique-08000-charleville-mezieres-230081
131,https://www.autosphere.fr/fiche-mixte/auto-occasion-ds-ds-3-crossback-e-tense-performance-line-4cv-51100-reims-255555
132,https://www.autosphere.fr/fiche/auto-occasion-ds-ds-4-puretech-180ch-performance-line-automatique-86000-poitiers-st38493562
133,https://www.autosphere.fr/fiche/auto-occasion-ds-ds-3-puretech-130ch-givenchy-le-makeup-s-s-44700-orvault-703612
134,https://www.autosphere.fr/fiche-mixte/auto-occasion-ds-ds-7-crossback-bluehdi-180ch-performance-line-automatique-26000-valence-435583
135,https://www.autosphere.fr/fiche-mixte/auto-occasion-ds-ds-3-crossback-puretech-130ch-performance-line-automatique-7cv-16430-champniers-046855
136,https://www.autosphere.fr/fiche-mixte/auto-occasion-ds-ds-3-crossback-bluehdi-130ch-so-chic-automatique-57180-terville-221402
137,https://www.autosphere.fr/fiche4/auto-occasion-ds-ds-7-crossback-bluehdi-180ch-executive-automatique-38170-seyssinet-pariset-320142
138,https://www.autosphere.fr/fiche-mixte/auto-occasion-ds-ds-4-puretech-225ch-performance-line-automatique-79000-niort-3209014
139,https://www.autosphere.fr/fiche/auto-occasion-ds-ds-4-bluehdi-120ch-business-s-s-63000-clermont-ferrand-131830
140,https://www.autosphere.fr/fiche-mixte/auto-occasion-ds-ds-3-crossback-puretech-100ch-performance-line-38320-eybens-320135
141,https://www.autosphere.fr/fiche-mixte/auto-occasion-ds-ds-7-crossback-bluehdi-130ch-grand-chic-automatique-7cv-38170-seyssinet-pariset-320094
142,https://www.autosphere.fr/fiche4/auto-occasion-ds-ds-3-crossback-bluehdi-130ch-performance-line-automatique-98g-51100-reims-256394
143,https://www.autosphere.fr/fiche/auto-occasion-ds-ds-7-crossback-bluehdi-180ch-la-premiere-eat8-86000-poitiers-120151
144,https://www.autosphere.fr/fiche/auto-occasion-ds-ds-7-crossback-bluehdi-180ch-performance-line-automatique-86000-poitiers-21087
145,https://www.autosphere.fr/fiche/auto-occasion-ds-ds-7-crossback-e-tense-4x4-grand-chic-86000-poitiers-210251
146,https://www.autosphere.fr/fiche/auto-occasion-ds-ds-7-crossback-bluehdi-180ch-grand-chic-automatique-79000-niort-3211002
147,https://www.autosphere.fr/fiche-mixte/auto-occasion-ds-ds-7-crossback-e-tense-4x4-300ch-grand-chic-51100-reims-255432
148,https://www.autosphere.fr/fiche-mixte/auto-occasion-ds-ds-3-crossback-bluehdi-130ch-so-chic-automatique-98g-51100-reims-256820
149,https://www.autosphere.fr/fiche4/auto-occasion-ds-ds-3-bluehdi-100ch-so-chic-s-s-71200-le-creusot-607147
150,https://www.autosphere.fr/fiche-mixte/auto-occasion-ds-ds-3-crossback-puretech-100ch-performance-line-38170-seyssinet-pariset-320113
151,https://www.autosphere.fr/fiche-mixte/auto-occasion-ds-ds-3-crossback-puretech-130ch-connected-chic-automatique-86000-poitiers-3211001
152,https://www.autosphere.fr/fiche-mixte/auto-occasion-ds-ds-7-crossback-e-tense-4x4-300ch-grand-chic-63000-clermont-ferrand-131091
153,https://www.autosphere.fr/fiche-mixte/auto-occasion-ds-ds-7-crossback-bluehdi-180ch-grand-chic-automatique-51530-dizy-304081
154,https://www.autosphere.fr/fiche-mixte/auto-occasion-ds-ds-7-crossback-bluehdi-130ch-business-automatique-100g-71100-chalon-sur-saone-607297
155,https://www.autosphere.fr/fiche-mixte/auto-occasion-ds-ds-3-crossback-puretech-130ch-grand-chic-automatique-7cv-86000-poitiers-21059
156,https://www.autosphere.fr/fiche-mixte/auto-occasion-ds-ds-7-crossback-e-tense-4x4-300ch-rivoli-73209-albertville-035785
157,https://www.autosphere.fr/fiche-mixte/auto-occasion-ds-ds-7-crossback-e-tense-4x4-300ch-grand-chic-51100-reims-254557
158,https://www.autosphere.fr/fiche/auto-occasion-ds-ds-3-crossback-puretech-155ch-performance-line-automatique-119g-62800-lievin-a24909
159,https://www.autosphere.fr/fiche-mixte/auto-occasion-ds-ds-3-crossback-puretech-100ch-performance-line-bvm-71000-sance-319760
160,https://www.autosphere.fr/fiche4/auto-occasion-ds-ds-3-crossback-e-tense-grand-chic-4cv-08000-charleville-mezieres-290178
161,https://www.autosphere.fr/fiche-mixte/auto-occasion-ds-ds-7-crossback-bluehdi-130ch-rivoli-automatique-51100-reims-255801
162,https://www.autosphere.fr/fiche/auto-occasion-ds-ds-3-crossback-puretech-130ch-bastille-automatique-86000-poitiers-3207307
163,https://www.autosphere.fr/fiche/auto-occasion-ds-ds-3-bluehdi-100ch-so-chic-s-s-44400-reze-105965
164,https://www.autosphere.fr/fiche-mixte/auto-occasion-ds-ds-7-crossback-bluehdi-130ch-rivoli-automatique-71000-sance-319413
165,https://www.autosphere.fr/fiche-mixte/auto-occasion-ds-ds-3-crossback-puretech-130ch-performance-line-automatique-7cv-73000-chambery-400034
166,https://www.autosphere.fr/fiche/auto-occasion-ds-ds-3-crossback-bluehdi-130ch-performance-line-automatique-126g-86000-poitiers-st38322418
167,https://www.autosphere.fr/fiche/auto-occasion-ds-ds-4-crossback-puretech-130-sport-chic-s-s-77100-nanteuil-les-meaux-m034766
168,https://www.autosphere.fr/fiche-mixte/auto-occasion-ds-ds-3-crossback-bluehdi-130ch-performance-line-automatique-71000-sance-319901
169,https://www.autosphere.fr/fiche-mixte/auto-occasion-ds-ds-7-crossback-e-tense-225ch-grand-chic-86000-poitiers-21050
170,https://www.autosphere.fr/fiche-mixte/auto-occasion-ds-ds-3-crossback-puretech-130ch-performance-line-automatique-7cv-38170-seyssinet-pariset-320132
171,https://www.autosphere.fr/fiche-mixte/auto-occasion-ds-ds-3-crossback-e-tense-performance-line-4cv-38170-seyssinet-pariset-310098
172,https://www.autosphere.fr/fiche-mixte/auto-occasion-ds-ds-7-crossback-e-tense-225ch-performance-line-86000-poitiers-st37976721
173,https://www.autosphere.fr/fiche-mixte/auto-occasion-ds-ds-7-crossback-e-tense-4x4-300ch-grand-chic-86000-poitiers-21016
174,https://www.autosphere.fr/fiche-mixte/auto-occasion-ds-ds-9-hybrid-e-tense-4x4-360ch-rivoli-79000-niort-3209024
175,https://www.autosphere.fr/fiche-mixte/auto-occasion-ds-ds-7-crossback-e-tense-225ch-rivoli-79000-niort-3207003
176,https://www.autosphere.fr/fiche/auto-occasion-ds-ds-3-crossback-puretech-130ch-grand-chic-automatique-7cv-63170-aubiere-63210
177,https://www.autosphere.fr/fiche-mixte/auto-occasion-ds-ds-7-crossback-e-tense-4x4-300ch-grand-chic-51530-dizy-304082
178,https://www.autosphere.fr/fiche-mixte/auto-occasion-ds-ds-3-crossback-e-tense-so-chic-4cv-84000-avignon-56390
179,https://www.autosphere.fr/fiche-mixte/auto-occasion-ds-ds-3-crossback-bluehdi-130ch-performance-line-automatique-126g-84000-avignon-56475
180,https://www.autosphere.fr/fiche-mixte/auto-occasion-ds-ds-7-crossback-e-tense-4x4-300ch-rivoli-44000-nantes-72581
181,https://www.autosphere.fr/fiche-mixte/auto-occasion-ds-ds-7-crossback-bluehdi-180ch-performance-line-automatique-128g-41260-la-chaussee-saint-victor-66850
182,https://www.autosphere.fr/fiche-mixte/auto-occasion-ds-ds-7-crossback-bluehdi-130ch-performance-line-automatique-16430-champniers-810383
183,https://www.autosphere.fr/fiche4/auto-occasion-ds-ds-4-bluehdi-120ch-be-chic-s-s-38000-grenoble-110114
184,https://www.autosphere.fr/fiche-mixte/auto-occasion-ds-ds-7-crossback-bluehdi-180ch-executive-automatique-64300-orthez-2212819
185,https://www.autosphere.fr/fiche/auto-occasion-ds-ds-7-crossback-bluehdi-130ch-chic-94000-creteil-229941
186,https://www.autosphere.fr/fiche-mixte/auto-occasion-ds-ds-3-crossback-bluehdi-100ch-grand-chic-97g-38320-eybens-320134
187,https://www.autosphere.fr/fiche-mixte/auto-occasion-ds-ds-9-hybrid-e-tense-225ch-rivoli-51100-reims-255261
188,https://www.autosphere.fr/fiche-mixte/auto-occasion-ds-ds-3-crossback-puretech-155ch-rivoli-automatique-74600-seynod-155017
189,https://www.autosphere.fr/fiche-mixte/auto-occasion-ds-ds-3-crossback-e-tense-performance-line-51100-reims-256799
190,https://www.autosphere.fr/fiche-mixte/auto-occasion-ds-ds-7-crossback-e-tense-4x4-300ch-rivoli-63000-clermont-ferrand-131852
191,https://www.autosphere.fr/fiche-mixte/auto-occasion-ds-ds-7-crossback-bluehdi-130ch-grand-chic-automatique-139g-71100-chalon-sur-saone-607173
192,https://www.autosphere.fr/fiche-mixte/auto-occasion-ds-ds-9-hybrid-e-tense-250ch-performance-line-86000-poitiers-21017
193,https://www.autosphere.fr/fiche-mixte/auto-occasion-ds-ds-3-crossback-puretech-100ch-performance-line-38320-eybens-320131
194,https://www.autosphere.fr/fiche-mixte/auto-occasion-ds-ds-7-crossback-puretech-225ch-grand-chic-automatique-25000-besancon-190398
195,https://www.autosphere.fr/fiche-mixte/auto-occasion-ds-ds-7-crossback-e-tense-225ch-performance-line-59640-dunkerque-320989
196,https://www.autosphere.fr/fiche4/auto-occasion-ds-ds-3-crossback-bluehdi-130ch-grand-chic-automatique-126g-08000-charleville-mezieres-230260
197,https://www.autosphere.fr/fiche-mixte/auto-occasion-ds-ds-7-crossback-bluehdi-180ch-grand-chic-automatique-79000-niort-43946
198,https://www.autosphere.fr/fiche-mixte/auto-occasion-ds-ds-7-crossback-bluehdi-130ch-performance-line-automatique-86000-poitiers-21023
199,https://www.autosphere.fr/fiche-mixte/auto-occasion-ds-ds-3-crossback-puretech-130ch-performance-line-automatique-7cv-13700-marignane-227719
200,https://www.autosphere.fr/fiche-mixte/auto-occasion-ds-ds-3-crossback-bluehdi-130ch-bastille-automatique-62800-lievin-a25025
201,https://www.autosphere.fr/fiche/auto-occasion-ds-ds-3-crossback-puretech-130ch-performance-line-automatique-77100-nanteuil-les-meaux-m034414
202,https://www.autosphere.fr/fiche-mixte/auto-occasion-ds-ds-3-crossback-bluehdi-130ch-grand-chic-automatique-84000-avignon-56828
203,https://www.autosphere.fr/fiche/auto-occasion-ds-ds-3-puretech-130ch-givenchy-le-makeup-s-s-51100-reims-12494
204,https://www.autosphere.fr/fiche-mixte/auto-occasion-ds-ds-4-e-tense-225ch-performance-line-16430-champniers-1050780
205,https://www.autosphere.fr/fiche-mixte/auto-occasion-ds-ds-3-crossback-puretech-155ch-rivoli-automatique-33700-merignac-2302039
206,https://www.autosphere.fr/fiche/auto-occasion-ds-ds-3-thp-208ch-performance-black-special-s-s-77100-nanteuil-les-meaux-m034574
207,https://www.autosphere.fr/fiche-mixte/auto-occasion-ds-ds-7-crossback-e-tense-4x4-300ch-rivoli-63200-riom-131055
208,https://www.autosphere.fr/fiche-mixte/auto-occasion-ds-ds-7-crossback-bluehdi-130ch-rivoli-automatique-86000-poitiers-3207302
209,https://www.autosphere.fr/fiche-mixte/auto-occasion-ds-ds-7-crossback-bluehdi-130ch-business-automatique-62217-beaurains-a73611
210,https://www.autosphere.fr/fiche-mixte/auto-occasion-ds-ds-3-crossback-puretech-155ch-rivoli-automatique-63000-clermont-ferrand-131467
211,https://www.autosphere.fr/fiche-mixte/auto-occasion-ds-ds-7-crossback-bluehdi-180ch-grand-chic-automatique-128g-86000-poitiers-21093
212,https://www.autosphere.fr/fiche-mixte/auto-occasion-ds-ds-3-crossback-bluehdi-130ch-performance-line-automatique-13300-salon-de-provence-34596
213,https://www.autosphere.fr/fiche/auto-occasion-ds-ds-7-crossback-bluehdi-130ch-performance-line-automatique-100g-02000-laon-3624
214,https://www.autosphere.fr/fiche-mixte/auto-occasion-ds-ds-7-crossback-bluehdi-180ch-performance-line-automatique-51100-reims-256778
215,https://www.autosphere.fr/fiche/auto-occasion-ds-ds-7-crossback-bluehdi-180ch-business-automatique-128g-16430-champniers-3211005
216,https://www.autosphere.fr/fiche-mixte/auto-occasion-ds-ds-3-crossback-puretech-130ch-performance-line-automatique-7cv-13100-aix-en-provence-91735
217,https://www.autosphere.fr/fiche-mixte/auto-occasion-ds-ds-3-crossback-e-tense-la-premiere-4cv-38170-seyssinet-pariset-320088
218,https://www.autosphere.fr/fiche/auto-occasion-ds-ds-3-puretech-110ch-so-chic-s-s-84000-avignon-56787
219,https://www.autosphere.fr/fiche4/auto-occasion-ds-ds-3-crossback-bluehdi-130ch-connected-chic-automatique-126g-08000-charleville-mezieres-221197
220,https://www.autosphere.fr/fiche/auto-occasion-ds-ds-7-crossback-bluehdi-180ch-performance-line-automatique-86000-poitiers-21021
221,https://www.autosphere.fr/fiche4/auto-occasion-ds-ds-4-crossback-bluehdi-120-sport-chic-s-s-eat6-51530-dizy-304255
222,https://www.autosphere.fr/fiche-mixte/auto-occasion-ds-ds-7-crossback-hybride-e-tense-225ch-eat-8-business-86500-montmorillon-3209714
223,https://www.autosphere.fr/fiche/auto-occasion-ds-ds-4-bluehdi-120ch-so-chic-s-s-57180-terville-221546
224,https://www.autosphere.fr/fiche-mixte/auto-occasion-ds-ds-7-crossback-e-tense-4x4-300ch-grand-chic-33700-merignac-2210128
225,https://www.autosphere.fr/fiche4/auto-occasion-ds-ds-7-crossback-bluehdi-180ch-grand-chic-automatique-128g-38170-seyssinet-pariset-320093
226,https://www.autosphere.fr/fiche4/auto-occasion-ds-ds-3-crossback-puretech-100ch-business-01000-bourg-en-bresse-123094
227,https://www.autosphere.fr/fiche-mixte/auto-occasion-ds-ds-7-crossback-bluehdi-130ch-rivoli-automatique-51100-reims-255803
228,https://www.autosphere.fr/fiche-mixte/auto-occasion-ds-ds-3-crossback-puretech-130ch-performance-line-automatique-7cv-73000-chambery-400045
229,https://www.autosphere.fr/fiche-mixte/auto-occasion-ds-ds-3-crossback-e-tense-grand-chic-4cv-71100-chalon-sur-saone-607367
230,https://www.autosphere.fr/fiche4/auto-occasion-ds-ds-7-crossback-bluehdi-180ch-performance-line-automatique-128g-51100-reims-256759
231,https://www.autosphere.fr/fiche-mixte/auto-occasion-ds-ds-3-crossback-e-tense-performance-line-51100-reims-255804
232,https://www.autosphere.fr/fiche-mixte/auto-occasion-ds-ds-3-crossback-bluehdi-130ch-performance-line-automatique-126g-86000-poitiers-69224
233,https://www.autosphere.fr/fiche4/auto-occasion-ds-ds-4-puretech-130ch-be-chic-s-s-71000-sance-319728
234,https://www.autosphere.fr/fiche-mixte/auto-occasion-ds-ds-3-crossback-bluehdi-130ch-grand-chic-automatique-126g-51100-reims-256735
235,https://www.autosphere.fr/fiche-mixte/auto-occasion-ds-ds-3-crossback-puretech-155ch-grand-chic-automatique-126g-73209-albertville-036265
236,https://www.autosphere.fr/fiche-mixte/auto-occasion-ds-ds-7-crossback-bluehdi-130ch-grand-chic-automatique-139g-08000-charleville-mezieres-220728
237,https://www.autosphere.fr/fiche-mixte/auto-occasion-ds-ds-7-crossback-puretech-130ch-so-chic-120g-51100-reims-256744
238,https://www.autosphere.fr/fiche-mixte/auto-occasion-ds-ds-7-crossback-e-tense-225ch-performance-line-59850-nieppe-221511
239,https://www.autosphere.fr/fiche-mixte/auto-occasion-ds-ds-7-crossback-bluehdi-130ch-rivoli-automatique-51100-reims-256361
240,https://www.autosphere.fr/fiche-mixte/auto-occasion-ds-ds-4-e-tense-225ch-trocadero-08000-charleville-mezieres-221104
241,https://www.autosphere.fr/fiche-mixte/auto-occasion-ds-ds-3-crossback-puretech-155ch-grand-chic-automatique-03100-montlucon-131096
242,https://www.autosphere.fr/fiche-mixte/auto-occasion-ds-ds-7-crossback-e-tense-225ch-grand-chic-51100-reims-256756
243,https://www.autosphere.fr/fiche/auto-occasion-ds-ds-5-bluehdi-180ch-so-chic-s-s-eat6-44400-reze-105910
244,https://www.autosphere.fr/fiche-mixte/auto-occasion-ds-ds-7-crossback-e-tense-4x4-300ch-grand-chic-51100-reims-255189
245,https://www.autosphere.fr/fiche/auto-occasion-ds-ds-7-crossback-bluehdi-180ch-performance-line-automatique-79000-niort-3164
246,https://www.autosphere.fr/fiche/auto-occasion-ds-ds-7-crossback-bluehdi-180ch-performance-line-automatique-86000-poitiers-120120
247,https://www.autosphere.fr/fiche-mixte/auto-occasion-ds-ds-7-crossback-bluehdi-180ch-grand-chic-automatique-08000-charleville-mezieres-230189
248,https://www.autosphere.fr/fiche/auto-occasion-ds-ds-7-crossback-bluehdi-180ch-grand-chic-automatique-79000-niort-3165
249,https://www.autosphere.fr/fiche-mixte/auto-occasion-ds-ds-7-crossback-bluehdi-180ch-performance-line-automatique-71000-sance-319613
250,https://www.autosphere.fr/fiche-mixte/auto-occasion-ds-ds-3-crossback-bluehdi-130ch-performance-line-automatique-98g-10000-troyes-21390
251,https://www.autosphere.fr/fiche-mixte/auto-occasion-ds-ds-3-crossback-puretech-100ch-performance-line-16430-champniers-125104
252,https://www.autosphere.fr/fiche4/auto-occasion-ds-ds-7-crossback-bluehdi-180ch-grand-chic-automatique-51100-reims-256221
253,https://www.autosphere.fr/fiche-mixte/auto-occasion-ds-ds-3-crossback-bluehdi-100ch-performance-line-59850-nieppe-221485
254,https://www.autosphere.fr/fiche-mixte/auto-occasion-ds-ds-3-crossback-puretech-100ch-so-chic-26100-romans-sur-isere-41122
255,https://www.autosphere.fr/fiche/auto-occasion-ds-ds-7-crossback-bluehdi-180ch-grand-chic-automatique-128g-63000-clermont-ferrand-131856
256,https://www.autosphere.fr/fiche-mixte/auto-occasion-ds-ds-3-crossback-puretech-100ch-performance-line-62800-lievin-220533
257,https://www.autosphere.fr/fiche-mixte/auto-occasion-ds-ds-7-crossback-e-tense-225ch-grand-chic-08000-charleville-mezieres-220369
258,https://www.autosphere.fr/fiche-mixte/auto-occasion-ds-ds-3-cabrio-puretech-130ch-sport-chic-s-s-73000-chambery-325625
259,https://www.autosphere.fr/fiche-mixte/auto-occasion-ds-ds-3-crossback-bluehdi-130ch-so-chic-automatique-98g-79000-niort-3163
260,https://www.autosphere.fr/fiche4/auto-occasion-ds-ds-7-crossback-bluehdi-180ch-grand-chic-automatique-02200-soissons-s7976
261,https://www.autosphere.fr/fiche-mixte/auto-occasion-ds-ds-7-crossback-bluehdi-130ch-rivoli-automatique-86000-poitiers-21018
262,https://www.autosphere.fr/fiche/auto-occasion-ds-ds-3-crossback-puretech-130ch-performance-line-automatique-7cv-86400-civray-2210573
263,https://www.autosphere.fr/fiche-mixte/auto-occasion-ds-ds-7-crossback-e-tense-225ch-rivoli-03110-charmeil-41947
264,https://www.autosphere.fr/fiche4/auto-occasion-ds-ds-3-crossback-bluehdi-130ch-performance-line-automatique-98g-71000-sance-319650
265,https://www.autosphere.fr/fiche-mixte/auto-occasion-ds-ds-3-crossback-bluehdi-130ch-grand-chic-automatique-126g-86000-poitiers-3210017
266,https://www.autosphere.fr/fiche-mixte/auto-occasion-ds-ds-3-puretech-110ch-so-chic-automatique-94000-creteil-98459
267,https://www.autosphere.fr/fiche4/auto-occasion-ds-ds-3-crossback-e-tense-performance-line-51100-reims-256769
268,https://www.autosphere.fr/fiche/auto-occasion-ds-ds-4-crossback-puretech-130-sport-chic-s-s-60740-saint-maximin-1016875
269,https://www.autosphere.fr/fiche-mixte/auto-occasion-ds-ds-3-crossback-puretech-130ch-bastille-automatique-37400-amboise-33593
270,https://www.autosphere.fr/fiche-mixte/auto-occasion-ds-ds-7-crossback-bluehdi-130ch-grand-chic-automatique-139g-51100-reims-256722
271,https://www.autosphere.fr/fiche-mixte/auto-occasion-ds-ds-3-crossback-puretech-130ch-performance-line-automatique-86000-poitiers-3209022
272,https://www.autosphere.fr/fiche4/auto-occasion-ds-ds-3-crossback-bluehdi-130ch-grand-chic-automatique-51100-reims-256505
273,https://www.autosphere.fr/fiche-mixte/auto-occasion-ds-ds-7-crossback-e-tense-225ch-business-86000-poitiers-52
274,https://www.autosphere.fr/fiche-mixte/auto-occasion-ds-ds-7-crossback-bluehdi-130ch-rivoli-automatique-86000-poitiers-3207301
275,https://www.autosphere.fr/fiche-mixte/auto-occasion-ds-ds-3-crossback-puretech-130ch-grand-chic-automatique-7cv-51100-reims-256438
276,https://www.autosphere.fr/fiche4/auto-occasion-ds-ds-3-crossback-e-tense-performance-line-51100-reims-256658
277,https://www.autosphere.fr/fiche-mixte/auto-occasion-ds-ds-4-puretech-225ch-cross-rivoli-automatique-86000-poitiers-3207303
278,https://www.autosphere.fr/fiche-mixte/auto-occasion-ds-ds-7-crossback-bluehdi-130ch-grand-chic-automatique-139g-08000-charleville-mezieres-220937
279,https://www.autosphere.fr/fiche-mixte/auto-occasion-ds-ds-3-crossback-bluehdi-130ch-bastille-automatique-79000-niort-3210026
280,https://www.autosphere.fr/fiche-mixte/auto-occasion-ds-ds-3-crossback-puretech-130ch-bastille-automatique-26000-valence-41090
281,https://www.autosphere.fr/fiche/auto-occasion-ds-ds-7-crossback-bluehdi-180ch-grand-chic-automatique-128g-34500-beziers-74046
282,https://www.autosphere.fr/fiche-mixte/auto-occasion-ds-ds-3-crossback-puretech-155ch-so-chic-automatique-115g-86000-poitiers-3212006
283,https://www.autosphere.fr/fiche-mixte/auto-occasion-ds-ds-7-crossback-bluehdi-130ch-rivoli-automatique-51100-reims-256058
284,https://www.autosphere.fr/fiche-mixte/auto-occasion-ds-ds-3-puretech-110ch-sport-chic-s-s-eat6-13300-salon-de-provence-34876
285,https://www.autosphere.fr/fiche-mixte/auto-occasion-ds-ds-7-crossback-e-tense-225ch-performance-line-08000-charleville-mezieres-221205
286,https://www.autosphere.fr/fiche4/auto-occasion-ds-ds-3-crossback-e-tense-performance-line-51370-thillois-400062
287,https://www.autosphere.fr/fiche-mixte/auto-occasion-ds-ds-7-crossback-e-tense-4x4-300ch-grand-chic-01007-bourg-en-bresse-dsbb000012
288,https://www.autosphere.fr/fiche4/auto-occasion-ds-ds-4-bluehdi-120ch-so-chic-s-s-38000-grenoble-109141
289,https://www.autosphere.fr/fiche-mixte/auto-occasion-ds-ds-3-crossback-puretech-130ch-montmartre-automatique-38170-seyssinet-pariset-320150
290,https://www.autosphere.fr/fiche/auto-occasion-ds-ds-3-puretech-82ch-so-chic-62219-longuenesse-221285
291,https://www.autosphere.fr/fiche4/auto-occasion-ds-ds-7-crossback-bluehdi-180ch-grand-chic-automatique-38170-seyssinet-pariset-320141
292,https://www.autosphere.fr/fiche-mixte/auto-occasion-ds-ds-3-puretech-82ch-connected-chic-63000-clermont-ferrand-131854
293,https://www.autosphere.fr/fiche/auto-occasion-ds-ds-3-crossback-bluehdi-130ch-performance-line-automatique-86000-poitiers-210176
294,https://www.autosphere.fr/fiche/auto-occasion-ds-ds-7-crossback-bluehdi-180ch-grand-chic-automatique-128g-44400-reze-105222
295,https://www.autosphere.fr/fiche-mixte/auto-occasion-ds-ds-3-crossback-e-tense-grand-chic-4cv-71100-chalon-sur-saone-607199
296,https://www.autosphere.fr/fiche-mixte/auto-occasion-ds-ds-7-crossback-bluehdi-130ch-rivoli-automatique-38170-seyssinet-pariset-320012
297,https://www.autosphere.fr/fiche/auto-occasion-ds-ds-7-crossback-bluehdi-180ch-performance-line-automatique-128g-03110-charmeil-41619
298,https://www.autosphere.fr/fiche-mixte/auto-occasion-ds-ds-7-crossback-bluehdi-180ch-grand-chic-automatique-86000-poitiers-gb439my
299,https://www.autosphere.fr/fiche/auto-occasion-ds-ds-3-puretech-82ch-connected-chic-84000-avignon-56853
300,https://www.autosphere.fr/fiche-mixte/auto-occasion-ds-ds-7-crossback-e-tense-4x4-300ch-grand-chic-63000-clermont-ferrand-131828
301,https://www.autosphere.fr/fiche-mixte/auto-occasion-ds-ds-7-crossback-e-tense-225ch-rivoli-79000-niort-3208017
302,https://www.autosphere.fr/fiche-mixte/auto-occasion-ds-ds-7-crossback-bluehdi-130ch-performance-line-automatique-63000-clermont-ferrand-131834
303,https://www.autosphere.fr/fiche/auto-occasion-ds-ds-3-bluehdi-100ch-so-chic-s-s-86100-chatellerault-46753
304,https://www.autosphere.fr/fiche-mixte/auto-occasion-ds-ds-3-crossback-puretech-130ch-grand-chic-automatique-7cv-51100-reims-256734
305,https://www.autosphere.fr/fiche-mixte/auto-occasion-ds-ds-7-crossback-bluehdi-180ch-grand-chic-automatique-51100-reims-256539
306,https://www.autosphere.fr/fiche-mixte/auto-occasion-ds-ds-3-crossback-puretech-155ch-grand-chic-automatique-114g-79000-niort-3212065
307,https://www.autosphere.fr/fiche-mixte/auto-occasion-ds-ds-7-crossback-bluehdi-180ch-grand-chic-automatique-63000-clermont-ferrand-131845
308,https://www.autosphere.fr/fiche-mixte/auto-occasion-ds-ds-7-crossback-puretech-225ch-performance-line-automatique-63000-clermont-ferrand-131832
309,https://www.autosphere.fr/fiche4/auto-occasion-ds-ds-4-bluehdi-180ch-sport-chic-s-s-eat6-73209-albertville-155216
310,https://www.autosphere.fr/fiche-mixte/auto-occasion-ds-ds-7-crossback-puretech-180ch-performance-line-automatique-10cv-62232-fouquieres-les-bethune-220810
311,https://www.autosphere.fr/fiche4/auto-occasion-ds-ds-7-crossback-bluehdi-180ch-performance-line-automatique-128g-01000-bourg-en-bresse-123258
312,https://www.autosphere.fr/fiche-mixte/auto-occasion-ds-ds-7-crossback-e-tense-4x4-300ch-grand-chic-86000-poitiers-221113
313,https://www.autosphere.fr/fiche-mixte/auto-occasion-ds-ds-3-crossback-puretech-130ch-performance-line-automatique-7cv-60740-saint-maximin-1016375
314,https://www.autosphere.fr/fiche-mixte/auto-occasion-ds-ds-7-crossback-e-tense-4x4-300ch-grand-chic-71000-sance-319549
315,https://www.autosphere.fr/fiche-mixte/auto-occasion-ds-ds-7-crossback-puretech-130ch-performance-line-automatique-59640-dunkerque-320718
316,https://www.autosphere.fr/fiche-mixte/auto-occasion-ds-ds-3-crossback-bluehdi-130ch-rivoli-automatique-16430-champniers-117379
317,https://www.autosphere.fr/fiche-mixte/auto-occasion-ds-ds-3-crossback-puretech-100ch-so-chic-51100-reims-256780
318,https://www.autosphere.fr/fiche4/auto-occasion-ds-ds-7-crossback-bluehdi-180ch-performance-line-automatique-128g-51100-reims-256479
319,https://www.autosphere.fr/fiche-mixte/auto-occasion-ds-ds-3-crossback-puretech-130ch-connected-chic-automatique-71103-chalon-sur-saone-607168
320,https://www.autosphere.fr/fiche/auto-occasion-ds-ds-3-crossback-e-tense-performance-line-4cv-86000-poitiers-st38322378
321,https://www.autosphere.fr/fiche/auto-occasion-ds-ds-7-crossback-bluehdi-180ch-grand-chic-automatique-128g-33260-la-teste-de-buch-91071
322,https://www.autosphere.fr/fiche4/auto-occasion-ds-ds-7-crossback-puretech-180ch-business-automatique-38170-seyssinet-pariset-320143
323,https://www.autosphere.fr/fiche-mixte/auto-occasion-ds-ds-3-crossback-puretech-130ch-grand-chic-automatique-109g-51100-reims-43402
324,https://www.autosphere.fr/fiche-mixte/auto-occasion-ds-ds-3-crossback-puretech-130ch-performance-line-automatique-59640-dunkerque-600415
325,https://www.autosphere.fr/fiche-mixte/auto-occasion-ds-ds-3-crossback-e-tense-performance-line-16430-champniers-nw120198
326,https://www.autosphere.fr/fiche/auto-occasion-ds-ds-3-bluehdi-100ch-so-chic-s-s-44400-reze-106010
327,https://www.autosphere.fr/fiche-mixte/auto-occasion-ds-ds-3-crossback-puretech-130ch-grand-chic-automatique-84000-avignon-56862
328,https://www.autosphere.fr/fiche/auto-occasion-ds-ds-3-crossback-puretech-155ch-grand-chic-automatique-114g-79000-niort-st35168575
329,https://www.autosphere.fr/fiche/auto-occasion-ds-ds-4-bluehdi-120ch-so-chic-s-s-59494-petite-foret-f216501
330,https://www.autosphere.fr/fiche-mixte/auto-occasion-ds-ds-3-crossback-e-tense-so-chic-71100-chalon-sur-saone-607674
331,https://www.autosphere.fr/fiche-mixte/auto-occasion-ds-ds-7-crossback-bluehdi-130ch-rivoli-automatique-73000-chambery-400063
332,https://www.autosphere.fr/fiche/auto-occasion-ds-ds-4-crossback-bluehdi-180-sport-chic-s-s-eat6-13200-arles-2191881
333,https://www.autosphere.fr/fiche-mixte/auto-occasion-ds-ds-4-e-tense-225ch-performance-line-79000-niort-3210014
334,https://www.autosphere.fr/fiche-mixte/auto-occasion-ds-ds-3-crossback-bluehdi-100ch-business-26000-valence-435398
335,https://www.autosphere.fr/fiche-mixte/auto-occasion-ds-ds-3-crossback-bluehdi-110ch-performance-line-26100-romans-sur-isere-59291
336,https://www.autosphere.fr/fiche-mixte/auto-occasion-ds-ds-3-crossback-puretech-155ch-la-premiere-automatique-119g-07430-davezieux-13573
337,https://www.autosphere.fr/fiche-mixte/auto-occasion-ds-ds-3-crossback-e-tense-grand-chic-4cv-71100-chalon-sur-saone-607371
338,https://www.autosphere.fr/fiche4/auto-occasion-ds-ds-3-cabrio-thp-165ch-so-irresistible-s-s-70000-vesoul-022453
339,https://www.autosphere.fr/fiche-mixte/auto-occasion-ds-ds-7-crossback-bluehdi-130ch-grand-chic-automatique-139g-63200-riom-50897
340,https://www.autosphere.fr/fiche4/auto-occasion-ds-ds-7-crossback-bluehdi-130ch-performance-line-71000-sance-319965
341,https://www.autosphere.fr/fiche-mixte/auto-occasion-ds-ds-3-crossback-puretech-100ch-bastille-79000-niort-3212043
342,https://www.autosphere.fr/fiche/auto-occasion-ds-ds-7-crossback-bluehdi-180ch-grand-chic-automatique-128g-86000-poitiers-3210011
343,https://www.autosphere.fr/fiche-mixte/auto-occasion-ds-ds-3-crossback-bluehdi-130ch-performance-line-automatique-126g-86000-poitiers-3207052
344,https://www.autosphere.fr/fiche/auto-occasion-ds-ds-7-crossback-e-tense-4x4-300ch-grand-chic-13127-vitrolles-28272
345,https://www.autosphere.fr/fiche4/auto-occasion-ds-ds-3-crossback-puretech-130ch-connected-chic-automatique-38300-ruy-montceau-002261
346,https://www.autosphere.fr/fiche-mixte/auto-occasion-ds-ds-3-crossback-bluehdi-100ch-grand-chic-97g-59223-roncq-306995
347,https://www.autosphere.fr/fiche-mixte/auto-occasion-ds-ds-7-crossback-puretech-180ch-grand-chic-automatique-10cv-73000-chambery-400044
348,https://www.autosphere.fr/fiche-mixte/auto-occasion-ds-ds-3-crossback-e-tense-so-chic-4cv-79000-niort-3211061
349,https://www.autosphere.fr/fiche-mixte/auto-occasion-ds-ds-3-crossback-puretech-130ch-grand-chic-automatique-64121-serres-castet-6897
350,https://www.autosphere.fr/fiche/auto-occasion-ds-ds-3-crossback-puretech-155ch-rivoli-automatique-86000-poitiers-st38294631
351,https://www.autosphere.fr/fiche-mixte/auto-occasion-ds-ds-3-crossback-bluehdi-100ch-performance-line-51100-reims-43357
352,https://www.autosphere.fr/fiche-mixte/auto-occasion-ds-ds-7-crossback-bluehdi-180ch-grand-chic-automatique-77100-nanteuil-les-meaux-m034776
353,https://www.autosphere.fr/fiche-mixte/auto-occasion-ds-ds-7-crossback-bluehdi-130ch-performance-line-automatique-139g-08000-charleville-mezieres-230042
354,https://www.autosphere.fr/fiche/auto-occasion-ds-ds-5-bluehdi-120ch-so-chic-s-s-eat6-16430-champniers-3209003
355,https://www.autosphere.fr/fiche-mixte/auto-occasion-ds-ds-3-crossback-bluehdi-130ch-grand-chic-automatique-126g-34500-beziers-73918
356,https://www.autosphere.fr/fiche-mixte/auto-occasion-ds-ds-3-crossback-bluehdi-130ch-performance-line-automatique-126g-16430-champniers-mw061315
357,https://www.autosphere.fr/fiche-mixte/auto-occasion-ds-ds-9-hybrid-e-tense-225ch-rivoli-86000-poitiers-gb563yd
358,https://www.autosphere.fr/fiche-mixte/auto-occasion-ds-ds-7-crossback-bluehdi-130ch-performance-line-automatique-139g-79000-niort-3211028
359,https://www.autosphere.fr/fiche-mixte/auto-occasion-ds-ds-3-crossback-puretech-100ch-performance-line-08000-charleville-mezieres-230153
360,https://www.autosphere.fr/fiche-mixte/auto-occasion-ds-ds-7-crossback-e-tense-4x4-300ch-grand-chic-79000-niort-st35869686
361,https://www.autosphere.fr/fiche-mixte/auto-occasion-ds-ds-3-puretech-110ch-dark-side-s-s-60740-saint-maximin-1016756
362,https://www.autosphere.fr/fiche-mixte/auto-occasion-ds-ds-7-crossback-bluehdi-130ch-drive-efficiency-performance-line-automatique-100g-79000-niort-3212037
363,https://www.autosphere.fr/fiche4/auto-occasion-ds-ds-3-puretech-110ch-performance-line-s-s-51370-thillois-400025
364,https://www.autosphere.fr/fiche-mixte/auto-occasion-ds-ds-4-puretech-225ch-performance-line-automatique-01007-bourg-en-bresse-dsbb000010
365,https://www.autosphere.fr/fiche/auto-occasion-ds-ds-3-crossback-bluehdi-100ch-so-chic-86000-poitiers-3210084
366,https://www.autosphere.fr/fiche-mixte/auto-occasion-ds-ds-3-crossback-puretech-130ch-performance-line-automatique-51100-reims-43012
367,https://www.autosphere.fr/fiche-mixte/auto-occasion-ds-ds-7-crossback-e-tense-4x4-300ch-grand-chic-51100-reims-255429
368,https://www.autosphere.fr/fiche-mixte/auto-occasion-ds-ds-7-crossback-e-tense-4x4-300ch-grand-chic-86000-poitiers-3206304
369,https://www.autosphere.fr/fiche-mixte/auto-occasion-ds-ds-3-crossback-e-tense-performance-line-86000-poitiers-21051
370,https://www.autosphere.fr/fiche-mixte/auto-occasion-ds-ds-3-crossback-e-tense-performance-line-79000-niort-3212013
371,https://www.autosphere.fr/fiche-mixte/auto-occasion-ds-ds-7-crossback-bluehdi-130ch-performance-line-automatique-73000-chambery-400019
372,https://www.autosphere.fr/fiche-mixte/auto-occasion-ds-ds-3-crossback-e-tense-so-chic-4cv-86000-poitiers-21037
373,https://www.autosphere.fr/fiche-mixte/auto-occasion-ds-ds-4-puretech-225ch-performance-line-automatique-51530-dizy-304059
374,https://www.autosphere.fr/fiche-mixte/auto-occasion-ds-ds-7-e-tense-225ch-rivoli-79000-niort-st38028094
375,https://www.autosphere.fr/fiche-mixte/auto-occasion-ds-ds-3-crossback-puretech-130ch-so-chic-automatique-7cv-51100-reims-256647
376,https://www.autosphere.fr/fiche-mixte/auto-occasion-ds-ds-3-crossback-e-tense-performance-line-4cv-38170-seyssinet-pariset-310094
377,https://www.autosphere.fr/fiche-mixte/auto-occasion-ds-ds-7-crossback-bluehdi-130ch-performance-line-automatique-139g-79000-niort-3212005
378,https://www.autosphere.fr/fiche-mixte/auto-occasion-ds-ds-9-hybrid-e-tense-250ch-rivoli-71100-chalon-sur-saone-606775
379,https://www.autosphere.fr/fiche-mixte/auto-occasion-ds-ds-7-crossback-e-tense-225ch-performance-line-71103-chalon-sur-saone-607438
380,https://www.autosphere.fr/fiche-mixte/auto-occasion-ds-ds-3-crossback-bluehdi-130ch-grand-chic-automatique-126g-51100-reims-256736
381,https://www.autosphere.fr/fiche-mixte/auto-occasion-ds-ds-3-crossback-bluehdi-130ch-performance-line-automatique-126g-79000-niort-3212025
382,https://www.autosphere.fr/fiche-mixte/auto-occasion-ds-ds-3-crossback-bluehdi-130ch-bastille-automatique-78240-chambourcy-120672
383,https://www.autosphere.fr/fiche-mixte/auto-occasion-ds-ds-3-crossback-puretech-100ch-performance-line-73000-chambery-400050
384,https://www.autosphere.fr/fiche/auto-occasion-ds-ds-7-crossback-bluehdi-180ch-grand-chic-automatique-79000-niort-44176
385,https://www.autosphere.fr/fiche-mixte/auto-occasion-ds-ds-7-crossback-e-tense-4x4-300ch-grand-chic-51100-reims-254450
386,https://www.autosphere.fr/fiche-mixte/auto-occasion-ds-ds-3-crossback-puretech-130ch-grand-chic-automatique-109g-71103-chalon-sur-saone-607316
387,https://www.autosphere.fr/fiche-mixte/auto-occasion-ds-ds-3-crossback-bluehdi-130ch-so-chic-automatique-126g-86000-poitiers-21052
388,https://www.autosphere.fr/fiche-mixte/auto-occasion-ds-ds-3-crossback-bluehdi-130ch-performance-line-automatique-100g-86000-poitiers-3211012
389,https://www.autosphere.fr/fiche-mixte/auto-occasion-ds-ds-3-crossback-bluehdi-130ch-so-chic-automatique-7cv-16430-champniers-3209010
390,https://www.autosphere.fr/fiche-mixte/auto-occasion-ds-ds-7-crossback-puretech-225ch-grand-chic-automatique-13cv-73000-chambery-vd400326
391,https://www.autosphere.fr/fiche-mixte/auto-occasion-ds-ds-3-crossback-bluehdi-130ch-performance-line-automatique-98g-86000-poitiers-210177
392,https://www.autosphere.fr/fiche-mixte/auto-occasion-ds-ds-4-e-tense-225ch-rivoli-86000-poitiers-21086
393,https://www.autosphere.fr/fiche-mixte/auto-occasion-ds-ds-3-crossback-puretech-130ch-grand-chic-automatique-7cv-64300-orthez-2209686
394,https://www.autosphere.fr/fiche-mixte/auto-occasion-ds-ds-3-crossback-puretech-130ch-grand-chic-automatique-109g-64300-orthez-2208657
395,https://www.autosphere.fr/fiche-mixte/auto-occasion-ds-ds-7-crossback-bluehdi-180ch-performance-line-automatique-62800-lievin-220416
396,https://www.autosphere.fr/fiche-mixte/auto-occasion-ds-ds-4-puretech-130ch-performance-line-automatique-60005-beauvais-2013504
397,https://www.autosphere.fr/fiche/auto-occasion-ds-ds-7-crossback-bluehdi-180ch-la-premiere-eat8-13300-salon-de-provence-300111
398,https://www.autosphere.fr/fiche-mixte/auto-occasion-ds-ds-7-crossback-bluehdi-180ch-grand-chic-automatique-51100-reims-256610
399,https://www.autosphere.fr/fiche4/auto-occasion-ds-ds-7-crossback-bluehdi-130ch-performance-line-automatique-51200-epernay-r111611
400,https://www.autosphere.fr/fiche-mixte/auto-occasion-ds-ds-4-bluehdi-130ch-rivoli-automatique-16430-champniers-31410
401,https://www.autosphere.fr/fiche4/auto-occasion-ds-ds-3-crossback-bluehdi-130ch-business-automatique-126g-71000-sance-190242
402,https://www.autosphere.fr/fiche-mixte/auto-occasion-ds-ds-7-crossback-e-tense-225ch-business-16430-champniers-3212010
403,https://www.autosphere.fr/fiche/auto-occasion-ds-ds-3-crossback-bluehdi-130ch-performance-line-automatique-7cv-16430-champniers-3210009
404,https://www.autosphere.fr/fiche/auto-occasion-ds-ds-3-bluehdi-120ch-sport-chic-s-s-62220-carvin-221175
405,https://www.autosphere.fr/fiche4/auto-occasion-ds-ds-7-crossback-bluehdi-180ch-grand-chic-automatique-128g-73209-albertville-035891
406,https://www.autosphere.fr/fiche-mixte/auto-occasion-ds-ds-7-crossback-bluehdi-180ch-grand-chic-automatique-08000-charleville-mezieres-230154
407,https://www.autosphere.fr/fiche-mixte/auto-occasion-ds-ds-3-crossback-puretech-100ch-performance-line-38320-eybens-320139
408,https://www.autosphere.fr/fiche-mixte/auto-occasion-ds-ds-7-crossback-e-tense-4x4-300ch-grand-chic-86000-poitiers-21060
409,https://www.autosphere.fr/fiche-mixte/auto-occasion-ds-ds-3-crossback-puretech-100ch-bastille-16430-champniers-3212001
410,https://www.autosphere.fr/fiche-mixte/auto-occasion-ds-ds-3-crossback-e-tense-grand-chic-4cv-34120-pezenas-1681
411,https://www.autosphere.fr/fiche/auto-occasion-ds-ds-3-cabrio-bluehdi-120ch-sport-chic-s-s-13100-aix-en-provence-91668
412,https://www.autosphere.fr/fiche/auto-occasion-ds-ds-7-crossback-e-tense-225ch-bastille-86000-poitiers-21054
413,https://www.autosphere.fr/fiche-mixte/auto-occasion-ds-ds-3-puretech-110ch-sport-chic-s-s-eat6-59320-sequedin-221268
414,https://www.autosphere.fr/fiche-mixte/auto-occasion-ds-ds-3-crossback-bluehdi-130ch-performance-line-automatique-126g-16430-champniers-3211013
415,https://www.autosphere.fr/fiche-mixte/auto-occasion-ds-ds-3-crossback-puretech-100ch-bastille-86000-poitiers-3210073
416,https://www.autosphere.fr/fiche/auto-occasion-ds-ds-7-crossback-bluehdi-180ch-performance-line-automatique-79000-niort-3166
417,https://www.autosphere.fr/fiche-mixte/auto-occasion-ds-ds-4-puretech-225ch-performance-line-automatique-73000-chambery-400022
418,https://www.autosphere.fr/fiche-mixte/auto-occasion-ds-ds-3-crossback-bluehdi-130ch-so-chic-automatique-126g-63200-riom-50908
419,https://www.autosphere.fr/fiche/auto-occasion-ds-ds-7-crossback-puretech-180ch-performance-line-automatique-03110-charmeil-41958
420,https://www.autosphere.fr/fiche-mixte/auto-occasion-ds-ds-3-crossback-puretech-130ch-performance-line-automatique-7cv-79000-niort-3212011
421,https://www.autosphere.fr/fiche-mixte/auto-occasion-ds-ds-7-crossback-bluehdi-130ch-grand-chic-automatique-139g-59223-roncq-307091
422,https://www.autosphere.fr/fiche-mixte/auto-occasion-ds-ds-3-crossback-puretech-130ch-grand-chic-automatique-111g-86000-poitiers-3212068
423,https://www.autosphere.fr/fiche-mixte/auto-occasion-ds-ds-3-crossback-puretech-130ch-performance-line-automatique-7cv-38170-seyssinet-pariset-320089
424,https://www.autosphere.fr/fiche-mixte/auto-occasion-ds-ds-7-crossback-bluehdi-180ch-grand-chic-automatique-51100-reims-256760
425,https://www.autosphere.fr/fiche-mixte/auto-occasion-ds-ds-7-crossback-e-tense-4x4-300ch-so-chic-86000-poitiers-21094
426,https://www.autosphere.fr/fiche-mixte/auto-occasion-ds-ds-3-crossback-e-tense-grand-chic-4cv-51100-reims-256603
427,https://www.autosphere.fr/fiche/auto-occasion-ds-ds-7-crossback-puretech-225ch-grand-chic-automatique-79000-niort-3211043
428,https://www.autosphere.fr/fiche-mixte/auto-occasion-ds-ds-3-crossback-puretech-130ch-grand-chic-automatique-109g-01007-bourg-en-bresse-dsbb000009
429,https://www.autosphere.fr/fiche/auto-occasion-ds-ds-7-crossback-e-tense-225ch-ligne-noire-86000-poitiers-st38297358
430,https://www.autosphere.fr/fiche-mixte/auto-occasion-ds-ds-4-puretech-225ch-rivoli-automatique-51530-dizy-304061
431,https://www.autosphere.fr/fiche4/auto-occasion-ds-ds-7-crossback-bluehdi-130ch-so-chic-08000-charleville-mezieres-230111
432,https://www.autosphere.fr/fiche4/auto-occasion-ds-ds-4-puretech-130ch-so-chic-s-s-01000-bourg-en-bresse-123171
433,https://www.autosphere.fr/fiche/auto-occasion-ds-ds-4-bluehdi-120ch-sport-chic-s-s-eat6-86000-poitiers-12091
434,https://www.autosphere.fr/fiche/auto-occasion-ds-ds-5-bluehdi-120ch-business-s-s-eat6-64300-orthez-2302899
435,https://www.autosphere.fr/fiche/auto-occasion-ds-ds-5-bluehdi-120ch-so-chic-s-s-86500-montmorillon-3211044
436,https://www.autosphere.fr/fiche-mixte/auto-occasion-ds-ds-3-crossback-e-tense-grand-chic-63000-clermont-ferrand-131525
437,https://www.autosphere.fr/fiche/auto-occasion-ds-ds-3-puretech-130ch-sport-chic-s-s-03110-charmeil-41872
438,https://www.autosphere.fr/fiche-mixte/auto-occasion-ds-ds-7-crossback-e-tense-4x4-300ch-rivoli-79000-niort-3161
439,https://www.autosphere.fr/fiche-mixte/auto-occasion-ds-ds-3-crossback-bluehdi-110ch-performance-line-44000-nantes-68724
440,https://www.autosphere.fr/fiche-mixte/auto-occasion-ds-ds-7-crossback-e-tense-225ch-performance-line-77240-vert-saint-denis-9129653
441,https://www.autosphere.fr/fiche/auto-occasion-ds-ds-7-crossback-bluehdi-130ch-performance-line-automatique-138g-16430-champniers-3212006
442,https://www.autosphere.fr/fiche-mixte/auto-occasion-ds-ds-7-crossback-bluehdi-180ch-performance-line-automatique-128g-33700-merignac-2207086
443,https://www.autosphere.fr/fiche4/auto-occasion-ds-ds-3-puretech-110ch-so-chic-s-s-51530-dizy-304033
444,https://www.autosphere.fr/fiche-mixte/auto-occasion-ds-ds-3-crossback-e-tense-grand-chic-86000-poitiers-3207310
445,https://www.autosphere.fr/fiche-mixte/auto-occasion-ds-ds-7-crossback-puretech-180ch-so-chic-automatique-10cv-86100-chatellerault-3207514
446,https://www.autosphere.fr/fiche-mixte/auto-occasion-ds-ds-3-crossback-puretech-100ch-bastille-86000-poitiers-3207309
447,https://www.autosphere.fr/fiche-mixte/auto-occasion-ds-ds-3-crossback-bluehdi-130ch-performance-line-automatique-03110-charmeil-41954
448,https://www.autosphere.fr/fiche-mixte/auto-occasion-ds-ds-3-crossback-bluehdi-100ch-chic-41200-romorantin-lanthenay-37914
449,https://www.autosphere.fr/fiche-mixte/auto-occasion-ds-ds-7-crossback-e-tense-4x4-300ch-rivoli-51100-reims-254706
