brand,model,characteristics,price,alink
DS,Ds 3 crossback,Essence/36 970 km/2021/Automatique,26 980 €,https://www.autosphere.fr/fiche-mixte/auto-occasion-ds-ds-3-crossback-puretech-130ch-performance-line-automatique-7cv-73000-chambery-400051
DS,Ds 7 crossback,Diesel/2 631 km/2022/Automatique,44 980 €,https://www.autosphere.fr/fiche-mixte/auto-occasion-ds-ds-7-crossback-bluehdi-130ch-grand-chic-automatique-139g-08000-charleville-mezieres-230172
DS,Ds 7 crossback,Diesel/29 800 km/2021/Automatique,39 980 €,https://www.autosphere.fr/fiche-mixte/auto-occasion-ds-ds-7-crossback-bluehdi-130ch-performance-line-automatique-71100-chalon-sur-saone-607439
DS,Ds 3 crossback,Diesel/56 500 km/2019/Automatique,24 722 €,https://www.autosphere.fr/fiche-mixte/auto-occasion-ds-ds-3-crossback-bluehdi-130ch-grand-chic-automatique-98g-08000-charleville-mezieres-221162
DS,Ds 3 crossback,Essence/49 700 km/2020/Automatique,25 864 €,https://www.autosphere.fr/fiche-mixte/auto-occasion-ds-ds-3-crossback-puretech-130ch-performance-line-automatique-109g-51100-reims-256777
DS,Ds,Essence/35 802 km/2021/Automatique,27 980 €,https://www.autosphere.fr/fiche-mixte/auto-occasion-ds-ds-3-crossback-puretech-130ch-performance-line-automatique-38320-eybens-320136
DS,Ds 3 crossback,Diesel/40 751 km/2020/Automatique,26 899 €,https://www.autosphere.fr/fiche/auto-occasion-ds-ds-3-crossback-bluehdi-130ch-grand-chic-automatique-7cv-16430-champniers-2220817
DS,Ds 7,Hybride R/6 000 km/2022/Automatique,75 990 €,https://www.autosphere.fr/fiche/auto-occasion-ds-ds-7-e-tense-4x4-360ch-la-premiere-86000-poitiers-st38422436
DS,Ds 3 crossback,Diesel/10 km/2022/Automatique,33 290 €,https://www.autosphere.fr/fiche/auto-occasion-ds-ds-3-crossback-bluehdi-130ch-performance-line-automatique-126g-86000-poitiers-st38512388
DS,Ds 7 crossback,Diesel/8 500 km/2022/Automatique,43 980 €,https://www.autosphere.fr/fiche-mixte/auto-occasion-ds-ds-7-crossback-bluehdi-130ch-rivoli-automatique-51100-reims-256439
DS,Ds 9,Hybride/5 000 km/2022/Automatique,69 990 €,https://www.autosphere.fr/fiche-mixte/auto-occasion-ds-ds-9-hybrid-e-tense-4x4-360ch-rivoli-86000-poitiers-st37664957
DS,Ds 3 crossback,Essence/3 000 km/2020/Automatique,33 400 €,https://www.autosphere.fr/fiche4/auto-occasion-ds-ds-3-crossback-puretech-130ch-grand-chic-automatique-7cv-71000-sance-190215
DS,Ds 3 crossback,Diesel/21 667 km/2021/Automatique,29 999 €,https://www.autosphere.fr/fiche-mixte/auto-occasion-ds-ds-3-crossback-bluehdi-130ch-performance-line-automatique-126g-79000-niort-3211076
DS,Ds 7 crossback,Diesel/20 670 km/2021/Automatique,43 990 €,https://www.autosphere.fr/fiche4/auto-occasion-ds-ds-7-crossback-bluehdi-130ch-rivoli-automatique-51530-dizy-304322
DS,Ds 3 crossback,Diesel/2 639 km/2022/Automatique,30 990 €,https://www.autosphere.fr/fiche/auto-occasion-ds-ds-3-crossback-bluehdi-130ch-grand-chic-eat8-63200-riom-50905
DS,Ds 7 crossback,Diesel/37 900 km/2020/Automatique,34 823 €,https://www.autosphere.fr/fiche-mixte/auto-occasion-ds-ds-7-crossback-bluehdi-130ch-performance-line-automatique-138g-51100-reims-256311
DS,Ds 9,Hybride/30 500 km/2021/Automatique,46 863 €,https://www.autosphere.fr/fiche-mixte/auto-occasion-ds-ds-9-hybrid-e-tense-225ch-rivoli-51100-reims-256798
DS,Ds,Essence/12 292 km/2020/Automatique,30 480 €,https://www.autosphere.fr/fiche-mixte/auto-occasion-ds-ds-3-crossback-puretech-130ch-performance-line-automatique-70000-vesoul-022588
DS,Ds 4 crossback,Diesel/107 613 km/2017/Automatique,15 990 €,https://www.autosphere.fr/fiche/auto-occasion-ds-ds-4-crossback-bluehdi-120-sport-chic-s-s-eat6-10510-maizieres-la-grande-paroisse-21607
DS,Ds 3 crossback,Essence/15 407 km/2019/Automatique,25 999 €,https://www.autosphere.fr/fiche-mixte/auto-occasion-ds-ds-3-crossback-puretech-130ch-grand-chic-automatique-62231-coquelles-220946
DS,Ds 7 crossback,Diesel/39 986 km/2020/Automatique,32 490 €,https://www.autosphere.fr/fiche-mixte/auto-occasion-ds-ds-7-crossback-bluehdi-180ch-so-chic-automatique-57180-terville-230175
DS,Ds 3 crossback,Diesel/21 442 km/2021/Automatique,29 999 €,https://www.autosphere.fr/fiche-mixte/auto-occasion-ds-ds-3-crossback-bluehdi-130ch-performance-line-automatique-126g-79000-niort-3211075
DS,Ds 3,Essence/62 796 km/2017/Manuelle,16 498 €,https://www.autosphere.fr/fiche4/auto-occasion-ds-ds-3-thp-165ch-sport-chic-s-s-25000-besancon-189955
DS,Ds 7 crossback,Diesel/100 738 km/2019/Automatique,24 899 €,https://www.autosphere.fr/fiche/auto-occasion-ds-ds-7-crossback-bluehdi-130ch-business-automatique-100g-16430-champniers-3148
DS,Ds 3,Essence/59 378 km/2018/Manuelle,16 990 €,https://www.autosphere.fr/fiche-mixte/auto-occasion-ds-ds-3-puretech-130ch-sport-chic-s-s-63000-clermont-ferrand-131946
DS,Ds 3,Essence/98 866 km/2017/Manuelle,12 480 €,https://www.autosphere.fr/fiche4/auto-occasion-ds-ds-3-puretech-110ch-connected-chic-s-s-01000-bourg-en-bresse-154864
DS,Ds 7 crossback,Diesel/100 209 km/2018/Automatique,26 590 €,https://www.autosphere.fr/fiche4/auto-occasion-ds-ds-7-crossback-bluehdi-180ch-performance-line-automatique-128g-02100-saint-quentin-q409431
DS,Ds 7 crossback,Hybride R/5 559 km/2021/Automatique,46 499 €,https://www.autosphere.fr/fiche-mixte/auto-occasion-ds-ds-7-crossback-e-tense-225ch-rivoli-79000-niort-3207001
DS,Ds 3 crossback,Essence/19 818 km/2020/Automatique,27 922 €,https://www.autosphere.fr/fiche-mixte/auto-occasion-ds-ds-3-crossback-puretech-130ch-grand-chic-automatique-7cv-08000-charleville-mezieres-220866
DS,Ds 3 crossback,Essence/47 700 km/2019/Automatique,22 990 €,https://www.autosphere.fr/fiche-mixte/auto-occasion-ds-ds-3-crossback-puretech-130ch-performance-line-automatique-38320-eybens-121059
DS,Ds 4,Essence/17 345 km/2022/Automatique,43 999 €,https://www.autosphere.fr/fiche-mixte/auto-occasion-ds-ds-4-puretech-180ch-rivoli-automatique-44000-nantes-72580
DS,Ds 3 crossback,Diesel/59 348 km/2019/Automatique,24 622 €,https://www.autosphere.fr/fiche-mixte/auto-occasion-ds-ds-3-crossback-bluehdi-130ch-grand-chic-automatique-98g-08000-charleville-mezieres-221261
DS,Ds 7 crossback,Diesel/126 577 km/2018/Manuelle,21 799 €,https://www.autosphere.fr/fiche/auto-occasion-ds-ds-7-crossback-bluehdi-130ch-performance-line-64121-serres-castet-6940
DS,Ds 9,Hybride/5 425 km/2022/Automatique,49 990 €,https://www.autosphere.fr/fiche-mixte/auto-occasion-ds-ds-9-hybrid-e-tense-225ch-rivoli-79000-niort-st38028201
DS,Ds 3 crossback,Essence/16 921 km/2021/Automatique,29 980 €,https://www.autosphere.fr/fiche-mixte/auto-occasion-ds-ds-3-crossback-puretech-130ch-performance-line-automatique-7cv-38170-seyssinet-pariset-320133
DS,Ds 7 crossback,Diesel/97 400 km/2018/Manuelle,24 862 €,https://www.autosphere.fr/fiche4/auto-occasion-ds-ds-7-crossback-bluehdi-130ch-performance-line-51100-reims-256220
DS,Ds 9,Hybride/4 800 km/2021/Automatique,52 980 €,https://www.autosphere.fr/fiche-mixte/auto-occasion-ds-ds-9-hybrid-e-tense-225ch-rivoli-73000-chambery-400014
DS,Ds 4,Essence/1 185 km/2021/Automatique,44 999 €,https://www.autosphere.fr/fiche-mixte/auto-occasion-ds-ds-4-puretech-225ch-rivoli-automatique-03110-charmeil-41953
DS,Ds 7 crossback,Diesel/24 169 km/2021/Automatique,35 980 €,https://www.autosphere.fr/fiche4/auto-occasion-ds-ds-7-crossback-bluehdi-130ch-performance-line-automatique-01000-bourg-en-bresse-155031
DS,Ds 7 crossback,Hybride R/69 788 km/2020/Automatique,36 990 €,https://www.autosphere.fr/fiche4/auto-occasion-ds-ds-7-crossback-e-tense-4x4-300ch-performance-line-38170-seyssinet-pariset-320060
DS,Ds 4,Diesel/62 447 km/2017/Automatique,18 980 €,https://www.autosphere.fr/fiche4/auto-occasion-ds-ds-4-bluehdi-180ch-sport-chic-s-s-eat6-74600-seynod-155216
DS,Ds 5,Diesel/64 602 km/2016/Manuelle,17 990 €,https://www.autosphere.fr/fiche/auto-occasion-ds-ds-5-bluehdi-150ch-so-chic-s-s-63200-riom-50830
DS,Ds 3 crossback,Diesel/10 942 km/2021/Automatique,29 299 €,https://www.autosphere.fr/fiche-mixte/auto-occasion-ds-ds-3-crossback-bluehdi-130ch-connected-chic-automatique-126g-16430-champniers-3208010
DS,Ds 7 crossback,Hybride R/16 500 km/2022/Automatique,57 980 €,https://www.autosphere.fr/fiche-mixte/auto-occasion-ds-ds-7-crossback-e-tense-4x4-300ch-rivoli-73000-chambery-400024
DS,Ds 3,Essence/43 080 km/2016/Manuelle,15 980 €,https://www.autosphere.fr/fiche4/auto-occasion-ds-ds-3-thp-165ch-sport-chic-s-s-74600-seynod-155234
DS,Ds 3 crossback,Diesel/27 445 km/2021/Automatique,27 999 €,https://www.autosphere.fr/fiche-mixte/auto-occasion-ds-ds-3-crossback-bluehdi-130ch-performance-line-automatique-86000-poitiers-3207053
DS,Ds 3 crossback,Diesel/55 522 km/2020/Automatique,26 900 €,https://www.autosphere.fr/fiche-mixte/auto-occasion-ds-ds-3-crossback-bluehdi-130ch-grand-chic-automatique-98g-13700-marignane-227626
DS,Ds 7 crossback,Diesel/44 158 km/2019/Automatique,34 900 €,https://www.autosphere.fr/fiche-mixte/auto-occasion-ds-ds-7-crossback-bluehdi-180ch-performance-line-automatique-38312-bourgoin-jallieu-214215
DS,Ds 3,Essence/81 542 km/2017/Manuelle,13 890 €,https://www.autosphere.fr/fiche4/auto-occasion-ds-ds-3-puretech-110ch-connected-chic-s-s-73000-chambery-325977
DS,Ds 7 crossback,Diesel/49 949 km/2020/Automatique,37 999 €,https://www.autosphere.fr/fiche-mixte/auto-occasion-ds-ds-7-crossback-bluehdi-180ch-grand-chic-automatique-86000-poitiers-3212281
DS,Ds 4,Hybride/31 585 km/2021/Automatique,43 500 €,https://www.autosphere.fr/fiche-mixte/auto-occasion-ds-ds-4-e-tense-225ch-rivoli-08000-charleville-mezieres-220878
DS,Ds 3 crossback,Diesel/53 771 km/2019/Automatique,25 299 €,https://www.autosphere.fr/fiche-mixte/auto-occasion-ds-ds-3-crossback-bluehdi-130ch-so-chic-automatique-98g-79000-niort-3212047
DS,Ds 7 crossback,Diesel/43 500 km/2019/Automatique,32 426 €,https://www.autosphere.fr/fiche-mixte/auto-occasion-ds-ds-7-crossback-bluehdi-130ch-performance-line-automatique-100g-51100-reims-256293
DS,Ds 3 crossback,Diesel/10 km/2022/Automatique,31 980 €,https://www.autosphere.fr/fiche-mixte/auto-occasion-ds-ds-3-crossback-bluehdi-130ch-bastille-automatique-73000-chambery-325732
DS,Ds 7 crossback,Diesel/11 500 km/2022/Automatique,43 480 €,https://www.autosphere.fr/fiche-mixte/auto-occasion-ds-ds-7-crossback-bluehdi-130ch-rivoli-automatique-51100-reims-256057
DS,Ds 7 crossback,Diesel/93 633 km/2019/Automatique,26 980 €,https://www.autosphere.fr/fiche4/auto-occasion-ds-ds-7-crossback-bluehdi-130ch-performance-line-automatique-38170-seyssinet-pariset-320116
DS,Ds 7 crossback,Hybride R/24 518 km/2022/Automatique,45 499 €,https://www.autosphere.fr/fiche-mixte/auto-occasion-ds-ds-7-crossback-e-tense-225ch-business-16430-champniers-3212003
DS,Ds 3,Essence/31 000 km/2019/Automatique,17 480 €,https://www.autosphere.fr/fiche4/auto-occasion-ds-ds-3-puretech-110ch-connected-chic-automatique-38170-seyssinet-pariset-320137
DS,Ds 3 crossback,Essence/17 106 km/2019/Manuelle,24 999 €,https://www.autosphere.fr/fiche-mixte/auto-occasion-ds-ds-3-crossback-puretech-100ch-performance-line-105g-79000-niort-3212012
DS,Ds 3 crossback,Electrique/3 377 km/2021/Automatique,32 799 €,https://www.autosphere.fr/fiche-mixte/auto-occasion-ds-ds-3-crossback-e-tense-grand-chic-4cv-03100-montlucon-131080
DS,Ds,Diesel/49 144 km/2018/Automatique,33 980 €,https://www.autosphere.fr/fiche-mixte/auto-occasion-ds-ds-7-crossback-bluehdi-180-automatique-grand-chic-38170-seyssinet-pariset-320129
DS,Ds 3 crossback,Electrique/5 000 km/2022/Automatique,39 990 €,https://www.autosphere.fr/fiche-mixte/auto-occasion-ds-ds-3-crossback-e-tense-rivoli-16430-champniers-010262
DS,Ds 7 crossback,Diesel/7 800 km/2022/Automatique,44 980 €,https://www.autosphere.fr/fiche-mixte/auto-occasion-ds-ds-7-crossback-bluehdi-130ch-rivoli-automatique-51100-reims-256440
DS,Ds 7 crossback,Diesel/70 378 km/2019/Automatique,28 932 €,https://www.autosphere.fr/fiche4/auto-occasion-ds-ds-7-crossback-bluehdi-180ch-executive-automatique-08000-charleville-mezieres-230033
DS,Ds 7 crossback,Diesel/98 327 km/2018/Manuelle,24 490 €,https://www.autosphere.fr/fiche/auto-occasion-ds-ds-7-crossback-bluehdi-130ch-drive-efficiency-performance-line-33700-merignac-221224
DS,Ds 3 crossback,Diesel/78 200 km/2020/Automatique,24 872 €,https://www.autosphere.fr/fiche4/auto-occasion-ds-ds-3-crossback-bluehdi-130ch-grand-chic-automatique-98g-51100-reims-256837
DS,Ds 3 crossback,Diesel/53 498 km/2021/Automatique,28 999 €,https://www.autosphere.fr/fiche-mixte/auto-occasion-ds-ds-3-crossback-bluehdi-130ch-connected-chic-automatique-126g-79000-niort-3212022
DS,Ds 3 crossback,Essence/38 416 km/2020/Manuelle,23 999 €,https://www.autosphere.fr/fiche/auto-occasion-ds-ds-3-crossback-puretech-100ch-performance-line-bioethanol-34200-sete-51577
DS,Ds 7 crossback,Diesel/30 142 km/2020/Automatique,32 990 €,https://www.autosphere.fr/fiche-mixte/auto-occasion-ds-ds-7-crossback-bluehdi-180ch-so-chic-automatique-57180-terville-230172
DS,Ds 7 crossback,Diesel/18 200 km/2021/Automatique,46 000 €,https://www.autosphere.fr/fiche4/auto-occasion-ds-ds-7-crossback-bluehdi-180ch-grand-chic-automatique-08000-charleville-mezieres-290121
DS,Ds 3 crossback,Essence/7 000 km/2021/Automatique,27 899 €,https://www.autosphere.fr/fiche-mixte/auto-occasion-ds-ds-3-crossback-puretech-130ch-so-chic-automatique-7cv-86000-poitiers-3207304
DS,Ds 3 crossback,Essence/55 988 km/2019/Automatique,24 990 €,https://www.autosphere.fr/fiche-mixte/auto-occasion-ds-ds-3-crossback-puretech-130ch-grand-chic-automatique-109g-51000-chalons-en-champagne-19764
DS,Ds 9,Hybride/20 947 km/2021/Automatique,52 999 €,https://www.autosphere.fr/fiche-mixte/auto-occasion-ds-ds-9-hybrid-e-tense-225ch-rivoli-79000-niort-3212026
DS,Ds 3 crossback,Diesel/69 826 km/2021/Manuelle,23 799 €,https://www.autosphere.fr/fiche/auto-occasion-ds-ds-3-crossback-bluehdi-110ch-performance-line-16430-champniers-3212005
DS,Ds 3 crossback,Essence/40 189 km/2021/Manuelle,24 280 €,https://www.autosphere.fr/fiche-mixte/auto-occasion-ds-ds-3-crossback-puretech-100ch-so-chic-bvm-71000-sance-319902
DS,Ds 3 crossback,Essence/10 km/2022/Automatique,31 999 €,https://www.autosphere.fr/fiche-mixte/auto-occasion-ds-ds-3-crossback-puretech-130ch-bastille-automatique-86000-poitiers-69173
DS,Ds 7 crossback,Hybride R/18 900 km/2021/Automatique,50 990 €,https://www.autosphere.fr/fiche-mixte/auto-occasion-ds-ds-7-crossback-e-tense-4x4-300ch-grand-chic-71100-chalon-sur-saone-606575
DS,Ds 3 crossback,Diesel/722 km/2022/Automatique,35 990 €,https://www.autosphere.fr/fiche/auto-occasion-ds-ds-3-crossback-bluehdi-130ch-so-chic-automatique-126g-80136-rivery-947047
DS,Ds 7 crossback,Hybride R/26 433 km/2022/Automatique,44 999 €,https://www.autosphere.fr/fiche-mixte/auto-occasion-ds-ds-7-crossback-e-tense-225ch-business-79000-niort-3212044
DS,Ds 3 crossback,Diesel/51 128 km/2020/Automatique,25 490 €,https://www.autosphere.fr/fiche-mixte/auto-occasion-ds-ds-3-crossback-bluehdi-130ch-grand-chic-automatique-7cv-08000-charleville-mezieres-230216
DS,Ds 3 crossback,Essence/19 000 km/2021/Automatique,29 990 €,https://www.autosphere.fr/fiche-mixte/auto-occasion-ds-ds-3-crossback-puretech-130ch-performance-line-automatique-7cv-73000-chambery-400064
DS,Ds 3 crossback,Diesel/71 500 km/2019/Manuelle,21 990 €,https://www.autosphere.fr/fiche4/auto-occasion-ds-ds-3-crossback-bluehdi-100ch-grand-chic-73000-chambery-400054
DS,Ds 7,Hybride R/8 000 km/2022/Automatique,66 990 €,https://www.autosphere.fr/fiche-mixte/auto-occasion-ds-ds-7-e-tense-4x4-300ch-performance-line-16430-champniers-576934
DS,Ds 3 crossback,Essence/17 059 km/2020/Automatique,28 979 €,https://www.autosphere.fr/fiche-mixte/auto-occasion-ds-ds-3-crossback-puretech-130ch-grand-chic-automatique-7cv-71103-chalon-sur-saone-607458
DS,Ds 3 crossback,Essence/28 400 km/2019/Automatique,25 839 €,https://www.autosphere.fr/fiche-mixte/auto-occasion-ds-ds-3-crossback-puretech-130ch-grand-chic-automatique-109g-51100-reims-256784
DS,Ds 7 crossback,Hybride R/26 072 km/2021/Automatique,40 499 €,https://www.autosphere.fr/fiche-mixte/auto-occasion-ds-ds-7-crossback-e-tense-225ch-performance-line-79000-niort-3206035
DS,Ds 4,Essence/16 500 km/2022/Automatique,32 826 €,https://www.autosphere.fr/fiche-mixte/auto-occasion-ds-ds-4-puretech-130ch-performance-line-automatique-51100-reims-256835
DS,Ds 3 crossback,Electrique/6 500 km/2021/Automatique,34 817 €,https://www.autosphere.fr/fiche-mixte/auto-occasion-ds-ds-3-crossback-e-tense-grand-chic-4cv-51100-reims-256621
DS,Ds 3 crossback,Diesel/100 km/2022/Manuelle,28 990 €,https://www.autosphere.fr/fiche-mixte/auto-occasion-ds-ds-3-crossback-bluehdi-110ch-performance-line-59190-hazebrouck-221122
DS,Ds 3 crossback,Diesel/39 529 km/2021/Automatique,28 998 €,https://www.autosphere.fr/fiche-mixte/auto-occasion-ds-ds-3-crossback-bluehdi-130ch-connected-chic-automatique-126g-16430-champniers-31415
DS,Ds 7 crossback,Hybride R/19 125 km/2021/Automatique,44 790 €,https://www.autosphere.fr/fiche-mixte/auto-occasion-ds-ds-7-crossback-e-tense-225ch-performance-line-08000-charleville-mezieres-230210
DS,Ds 3 crossback,Essence/31 500 km/2021/Automatique,26 480 €,https://www.autosphere.fr/fiche-mixte/auto-occasion-ds-ds-3-crossback-puretech-130ch-performance-line-automatique-7cv-73000-chambery-325816
DS,Ds 3 crossback,Essence/11 293 km/2019/Automatique,25 999 €,https://www.autosphere.fr/fiche-mixte/auto-occasion-ds-ds-3-crossback-puretech-155ch-so-chic-automatique-123g-86000-poitiers-68900
DS,Ds 7 crossback,Hybride R/100 km/2021/Automatique,52 990 €,https://www.autosphere.fr/fiche-mixte/auto-occasion-ds-ds-7-crossback-e-tense-4x4-300ch-grand-chic-51100-reims-255430
DS,Ds 4,Hybride/28 119 km/2021/Automatique,39 900 €,https://www.autosphere.fr/fiche-mixte/auto-occasion-ds-ds-4-e-tense-225ch-cross-trocadero-71000-sance-319903
DS,Ds 3,Essence/42 520 km/2018/Manuelle,17 980 €,https://www.autosphere.fr/fiche4/auto-occasion-ds-ds-3-thp-165ch-sport-chic-s-s-01000-bourg-en-bresse-154761
DS,Ds 7 crossback,Diesel/18 578 km/2021/Automatique,41 999 €,https://www.autosphere.fr/fiche-mixte/auto-occasion-ds-ds-7-crossback-bluehdi-180ch-grand-chic-automatique-16430-champniers-75189
DS,Ds 7 crossback,Diesel/90 132 km/2019/Automatique,32 699 €,https://www.autosphere.fr/fiche/auto-occasion-ds-ds-7-crossback-bluehdi-180ch-grand-chic-automatique-16430-champniers-3212013
DS,Ds 3 crossback,Electrique/7 850 km/2020/Automatique,29 999 €,https://www.autosphere.fr/fiche-mixte/auto-occasion-ds-ds-3-crossback-e-tense-performance-line-4cv-86000-poitiers-21069
DS,Ds 3 crossback,Essence/4 949 km/2022/Automatique,30 399 €,https://www.autosphere.fr/fiche-mixte/auto-occasion-ds-ds-3-crossback-puretech-130ch-bastille-automatique-64400-oloron-sainte-marie-81402
DS,Ds 3 crossback,Diesel/646 km/2021/Automatique,30 499 €,https://www.autosphere.fr/fiche-mixte/auto-occasion-ds-ds-3-crossback-bluehdi-130ch-grand-chic-automatique-126g-16430-champniers-3208008
DS,Ds 7 crossback,Diesel/131 640 km/2018/Manuelle,21 990 €,https://www.autosphere.fr/fiche/auto-occasion-ds-ds-7-crossback-bluehdi-130ch-business-84000-avignon-56764
DS,Ds 3,Essence/85 398 km/2016/Automatique,14 990 €,https://www.autosphere.fr/fiche/auto-occasion-ds-ds-3-puretech-110ch-sport-chic-s-s-eat6-57500-saint-avold-st38582836
DS,Ds 3 crossback,Diesel/22 494 km/2020/Manuelle,23 980 €,https://www.autosphere.fr/fiche-mixte/auto-occasion-ds-ds-3-crossback-bluehdi-100ch-performance-line-38170-seyssinet-pariset-320151
DS,Ds 3 crossback,Essence/24 900 km/2019/Manuelle,22 990 €,https://www.autosphere.fr/fiche/auto-occasion-ds-ds-3-crossback-puretech-100ch-so-chic-08000-charleville-mezieres-020334
DS,Ds 7 crossback,Hybride R/41 137 km/2021/Automatique,49 490 €,https://www.autosphere.fr/fiche-mixte/auto-occasion-ds-ds-7-crossback-e-tense-225ch-grand-chic-08000-charleville-mezieres-230171
DS,Ds 3 crossback,Essence/50 050 km/2021/Manuelle,21 980 €,https://www.autosphere.fr/fiche-mixte/auto-occasion-ds-ds-3-crossback-puretech-100ch-performance-line-73000-chambery-400023
DS,Ds 7 crossback,Diesel/42 348 km/2021/Automatique,34 472 €,https://www.autosphere.fr/fiche-mixte/auto-occasion-ds-ds-7-crossback-bluehdi-130ch-performance-line-automatique-08000-charleville-mezieres-221234
DS,Ds 7 crossback,Diesel/3 477 km/2021/Automatique,36 499 €,https://www.autosphere.fr/fiche-mixte/auto-occasion-ds-ds-7-crossback-bluehdi-130ch-performance-line-automatique-86100-chatellerault-3206303
DS,Ds 7 crossback,Hybride R/30 906 km/2021/Automatique,45 482 €,https://www.autosphere.fr/fiche-mixte/auto-occasion-ds-ds-7-crossback-e-tense-225ch-performance-line-08000-charleville-mezieres-230011
DS,Ds 3 crossback,Diesel/30 799 km/2021/Automatique,29 499 €,https://www.autosphere.fr/fiche-mixte/auto-occasion-ds-ds-3-crossback-bluehdi-130ch-performance-line-automatique-126g-79000-niort-3211030
DS,Ds 7 crossback,Hybride R/20 162 km/2021/Automatique,45 990 €,https://www.autosphere.fr/fiche-mixte/auto-occasion-ds-ds-7-crossback-e-tense-225ch-performance-line-73000-chambery-220974
DS,Ds 3 crossback,Essence/20 729 km/2021/Automatique,26 980 €,https://www.autosphere.fr/fiche-mixte/auto-occasion-ds-ds-3-crossback-puretech-130ch-so-chic-automatique-7cv-74600-seynod-155190
DS,Ds 3 crossback,Essence/48 400 km/2019/Automatique,26 852 €,https://www.autosphere.fr/fiche-mixte/auto-occasion-ds-ds-3-crossback-puretech-155ch-grand-chic-automatique-119g-51100-reims-256671
DS,Ds 7 crossback,Diesel/9 000 km/2021/Automatique,42 200 €,https://www.autosphere.fr/fiche4/auto-occasion-ds-ds-7-crossback-bluehdi-130ch-performance-line-automatique-100g-08000-charleville-mezieres-290228
DS,Ds 3 crossback,Diesel/10 km/2022/Automatique,30 999 €,https://www.autosphere.fr/fiche/auto-occasion-ds-ds-3-crossback-bluehdi-130ch-bastille-automatique-63170-aubiere-63174
DS,Ds 3,Diesel/68 634 km/2017/Manuelle,13 999 €,https://www.autosphere.fr/fiche/auto-occasion-ds-ds-3-bluehdi-100ch-so-chic-s-s-86500-montmorillon-3211703
DS,Ds 7 crossback,Essence/80 868 km/2017/Automatique,28 980 €,https://www.autosphere.fr/fiche4/auto-occasion-ds-ds-7-crossback-puretech-225ch-performance-line-automatique-01000-bourg-en-bresse-155112
DS,Ds 3 crossback,Electrique/20 514 km/2020/Automatique,28 980 €,https://www.autosphere.fr/fiche-mixte/auto-occasion-ds-ds-3-crossback-e-tense-performance-line-4cv-08000-charleville-mezieres-230142
DS,Ds 7 crossback,Diesel/11 300 km/2022/Automatique,42 980 €,https://www.autosphere.fr/fiche-mixte/auto-occasion-ds-ds-7-crossback-bluehdi-130ch-rivoli-automatique-51100-reims-255943
DS,Ds 3 crossback,Essence/40 376 km/2020/Automatique,26 990 €,https://www.autosphere.fr/fiche-mixte/auto-occasion-ds-ds-3-crossback-puretech-130ch-performance-line-automatique-7cv-08000-charleville-mezieres-230061
DS,Ds 7 crossback,Hybride R/13 459 km/2021/Automatique,54 980 €,https://www.autosphere.fr/fiche-mixte/auto-occasion-ds-ds-7-crossback-e-tense-225ch-rivoli-86400-civray-2302092
DS,Ds 3 crossback,Diesel/94 978 km/2020/Automatique,23 880 €,https://www.autosphere.fr/fiche/auto-occasion-ds-ds-3-crossback-bluehdi-130ch-grand-chic-automatique-98g-86400-civray-2301023
DS,Ds 3 crossback,Electrique/8 489 km/2021/Automatique,31 990 €,https://www.autosphere.fr/fiche-mixte/auto-occasion-ds-ds-3-crossback-e-tense-performance-line-4cv-59640-dunkerque-600384
DS,Ds 7 crossback,Diesel/110 158 km/2018/Automatique,28 990 €,https://www.autosphere.fr/fiche/auto-occasion-ds-ds-7-crossback-bluehdi-180ch-executive-automatique-128g-62114-sains-en-gohelle-222424
DS,Ds 3,Essence/38 000 km/2019/Automatique,19 452 €,https://www.autosphere.fr/fiche-mixte/auto-occasion-ds-ds-3-puretech-110ch-cafe-racer-automatique-51100-reims-256709
DS,Ds 7 crossback,Essence/40 648 km/2018/Manuelle,24 980 €,https://www.autosphere.fr/fiche4/auto-occasion-ds-ds-7-crossback-puretech-130ch-business-69200-venissieux-614957
DS,Ds 3 crossback,Essence/100 309 km/2019/Automatique,22 990 €,https://www.autosphere.fr/fiche/auto-occasion-ds-ds-3-crossback-puretech-155ch-grand-chic-automatique-119g-80136-rivery-947033
DS,Ds 5,Diesel/63 090 km/2018/Manuelle,16 790 €,https://www.autosphere.fr/fiche/auto-occasion-ds-ds-5-bluehdi-120ch-so-chic-s-s-60400-noyon-136919
DS,Ds 3 crossback,Essence/23 459 km/2020/Automatique,28 990 €,https://www.autosphere.fr/fiche-mixte/auto-occasion-ds-ds-3-crossback-puretech-155ch-grand-chic-automatique-114g-07430-davezieux-402409
DS,Ds 3 crossback,Essence/44 641 km/2019/Automatique,24 902 €,https://www.autosphere.fr/fiche-mixte/auto-occasion-ds-ds-3-crossback-puretech-130ch-performance-line-automatique-08000-charleville-mezieres-230081
DS,Ds 3 crossback,Electrique/12 500 km/2021/Automatique,29 979 €,https://www.autosphere.fr/fiche-mixte/auto-occasion-ds-ds-3-crossback-e-tense-performance-line-4cv-51100-reims-255555
DS,Ds 4,Essence/19 650 km/2021/Automatique,42 990 €,https://www.autosphere.fr/fiche/auto-occasion-ds-ds-4-puretech-180ch-performance-line-automatique-86000-poitiers-st38493562
DS,Ds 3,Essence/64 461 km/2017/Manuelle,14 490 €,https://www.autosphere.fr/fiche/auto-occasion-ds-ds-3-puretech-130ch-givenchy-le-makeup-s-s-44700-orvault-703612
DS,Ds 7 crossback,Diesel/36 366 km/2019/Automatique,34 980 €,https://www.autosphere.fr/fiche-mixte/auto-occasion-ds-ds-7-crossback-bluehdi-180ch-performance-line-automatique-26000-valence-435583
DS,Ds 3 crossback,Essence/15 186 km/2022/Automatique,32 390 €,https://www.autosphere.fr/fiche-mixte/auto-occasion-ds-ds-3-crossback-puretech-130ch-performance-line-automatique-7cv-16430-champniers-046855
DS,Ds 3 crossback,Diesel/40 622 km/2019/Automatique,24 490 €,https://www.autosphere.fr/fiche-mixte/auto-occasion-ds-ds-3-crossback-bluehdi-130ch-so-chic-automatique-57180-terville-221402
DS,Ds 7 crossback,Diesel/94 226 km/2019/Automatique,28 980 €,https://www.autosphere.fr/fiche4/auto-occasion-ds-ds-7-crossback-bluehdi-180ch-executive-automatique-38170-seyssinet-pariset-320142
DS,Ds 4,Essence/29 241 km/2021/Automatique,40 299 €,https://www.autosphere.fr/fiche-mixte/auto-occasion-ds-ds-4-puretech-225ch-performance-line-automatique-79000-niort-3209014
DS,Ds 4,Diesel/95 343 km/2018/Manuelle,14 690 €,https://www.autosphere.fr/fiche/auto-occasion-ds-ds-4-bluehdi-120ch-business-s-s-63000-clermont-ferrand-131830
DS,Ds 3 crossback,Essence/39 395 km/2021/Manuelle,23 980 €,https://www.autosphere.fr/fiche-mixte/auto-occasion-ds-ds-3-crossback-puretech-100ch-performance-line-38320-eybens-320135
DS,Ds 7 crossback,Diesel/35 153 km/2021/Automatique,34 990 €,https://www.autosphere.fr/fiche-mixte/auto-occasion-ds-ds-7-crossback-bluehdi-130ch-grand-chic-automatique-7cv-38170-seyssinet-pariset-320094
DS,Ds 3 crossback,Diesel/74 200 km/2019/Automatique,22 840 €,https://www.autosphere.fr/fiche4/auto-occasion-ds-ds-3-crossback-bluehdi-130ch-performance-line-automatique-98g-51100-reims-256394
DS,Ds 7 crossback,Diesel/60 600 km/2018/Automatique,32 999 €,https://www.autosphere.fr/fiche/auto-occasion-ds-ds-7-crossback-bluehdi-180ch-la-premiere-eat8-86000-poitiers-120151
DS,Ds 7 crossback,Diesel/89 442 km/2019/Automatique,31 499 €,https://www.autosphere.fr/fiche/auto-occasion-ds-ds-7-crossback-bluehdi-180ch-performance-line-automatique-86000-poitiers-21087
DS,Ds 7 crossback,Hybride R/65 972 km/2020/Automatique,41 999 €,https://www.autosphere.fr/fiche/auto-occasion-ds-ds-7-crossback-e-tense-4x4-grand-chic-86000-poitiers-210251
DS,Ds 7 crossback,Diesel/65 544 km/2019/Automatique,33 799 €,https://www.autosphere.fr/fiche/auto-occasion-ds-ds-7-crossback-bluehdi-180ch-grand-chic-automatique-79000-niort-3211002
DS,Ds 7 crossback,Hybride R/4 700 km/2021/Automatique,57 842 €,https://www.autosphere.fr/fiche-mixte/auto-occasion-ds-ds-7-crossback-e-tense-4x4-300ch-grand-chic-51100-reims-255432
DS,Ds 3 crossback,Diesel/39 800 km/2020/Automatique,24 452 €,https://www.autosphere.fr/fiche-mixte/auto-occasion-ds-ds-3-crossback-bluehdi-130ch-so-chic-automatique-98g-51100-reims-256820
DS,Ds 3,Diesel/83 982 km/2016/Manuelle,11 679 €,https://www.autosphere.fr/fiche4/auto-occasion-ds-ds-3-bluehdi-100ch-so-chic-s-s-71200-le-creusot-607147
DS,Ds 3 crossback,Essence/20 797 km/2019/Manuelle,23 980 €,https://www.autosphere.fr/fiche-mixte/auto-occasion-ds-ds-3-crossback-puretech-100ch-performance-line-38170-seyssinet-pariset-320113
DS,Ds 3 crossback,Essence/19 884 km/2020/Automatique,27 999 €,https://www.autosphere.fr/fiche-mixte/auto-occasion-ds-ds-3-crossback-puretech-130ch-connected-chic-automatique-86000-poitiers-3211001
DS,Ds 7 crossback,Hybride R/32 919 km/2021/Automatique,45 999 €,https://www.autosphere.fr/fiche-mixte/auto-occasion-ds-ds-7-crossback-e-tense-4x4-300ch-grand-chic-63000-clermont-ferrand-131091
DS,Ds 7 crossback,Diesel/20 250 km/2021/Automatique,42 493 €,https://www.autosphere.fr/fiche-mixte/auto-occasion-ds-ds-7-crossback-bluehdi-180ch-grand-chic-automatique-51530-dizy-304081
DS,Ds 7 crossback,Diesel/56 600 km/2019/Automatique,27 980 €,https://www.autosphere.fr/fiche-mixte/auto-occasion-ds-ds-7-crossback-bluehdi-130ch-business-automatique-100g-71100-chalon-sur-saone-607297
DS,Ds 3 crossback,Essence/9 999 km/2021/Automatique,31 999 €,https://www.autosphere.fr/fiche-mixte/auto-occasion-ds-ds-3-crossback-puretech-130ch-grand-chic-automatique-7cv-86000-poitiers-21059
DS,Ds 7 crossback,Hybride R/13 972 km/2021/Automatique,52 990 €,https://www.autosphere.fr/fiche-mixte/auto-occasion-ds-ds-7-crossback-e-tense-4x4-300ch-rivoli-73209-albertville-035785
DS,Ds 7 crossback,Hybride/17 900 km/2021/Automatique,49 990 €,https://www.autosphere.fr/fiche-mixte/auto-occasion-ds-ds-7-crossback-e-tense-4x4-300ch-grand-chic-51100-reims-254557
DS,Ds 3 crossback,Essence/72 627 km/2019/Automatique,20 990 €,https://www.autosphere.fr/fiche/auto-occasion-ds-ds-3-crossback-puretech-155ch-performance-line-automatique-119g-62800-lievin-a24909
DS,Ds 3 crossback,Essence/53 099 km/2020/Manuelle,22 980 €,https://www.autosphere.fr/fiche-mixte/auto-occasion-ds-ds-3-crossback-puretech-100ch-performance-line-bvm-71000-sance-319760
DS,Ds 3 crossback,Electrique/5 000 km/2021/Automatique,42 900 €,https://www.autosphere.fr/fiche4/auto-occasion-ds-ds-3-crossback-e-tense-grand-chic-4cv-08000-charleville-mezieres-290178
DS,Ds 7 crossback,Diesel/500 km/2022/Automatique,44 872 €,https://www.autosphere.fr/fiche-mixte/auto-occasion-ds-ds-7-crossback-bluehdi-130ch-rivoli-automatique-51100-reims-255801
DS,Ds 3 crossback,Essence/10 km/2022/Automatique,30 499 €,https://www.autosphere.fr/fiche/auto-occasion-ds-ds-3-crossback-puretech-130ch-bastille-automatique-86000-poitiers-3207307
DS,Ds 3,Diesel/85 978 km/2017/Manuelle,13 299 €,https://www.autosphere.fr/fiche/auto-occasion-ds-ds-3-bluehdi-100ch-so-chic-s-s-44400-reze-105965
DS,Ds 7 crossback,Diesel/15 210 km/2021/Automatique,40 490 €,https://www.autosphere.fr/fiche-mixte/auto-occasion-ds-ds-7-crossback-bluehdi-130ch-rivoli-automatique-71000-sance-319413
DS,Ds 3 crossback,Essence/34 200 km/2020/Automatique,27 980 €,https://www.autosphere.fr/fiche-mixte/auto-occasion-ds-ds-3-crossback-puretech-130ch-performance-line-automatique-7cv-73000-chambery-400034
DS,Ds 3 crossback,Diesel/10 km/2022/Automatique,33 690 €,https://www.autosphere.fr/fiche/auto-occasion-ds-ds-3-crossback-bluehdi-130ch-performance-line-automatique-126g-86000-poitiers-st38322418
DS,Ds 4 crossback,Essence/92 065 km/2016/Manuelle,14 980 €,https://www.autosphere.fr/fiche/auto-occasion-ds-ds-4-crossback-puretech-130-sport-chic-s-s-77100-nanteuil-les-meaux-m034766
DS,Ds 3 crossback,Diesel/39 526 km/2021/Automatique,28 680 €,https://www.autosphere.fr/fiche-mixte/auto-occasion-ds-ds-3-crossback-bluehdi-130ch-performance-line-automatique-71000-sance-319901
DS,Ds 7 crossback,Hybride R/10 789 km/2021/Automatique,47 999 €,https://www.autosphere.fr/fiche-mixte/auto-occasion-ds-ds-7-crossback-e-tense-225ch-grand-chic-86000-poitiers-21050
DS,Ds 3 crossback,Essence/26 670 km/2021/Automatique,29 480 €,https://www.autosphere.fr/fiche-mixte/auto-occasion-ds-ds-3-crossback-puretech-130ch-performance-line-automatique-7cv-38170-seyssinet-pariset-320132
DS,Ds 3 crossback,Electrique/7 590 km/2021/Automatique,27 990 €,https://www.autosphere.fr/fiche-mixte/auto-occasion-ds-ds-3-crossback-e-tense-performance-line-4cv-38170-seyssinet-pariset-310098
DS,Ds 7 crossback,Hybride R/8 000 km/2022/Automatique,53 990 €,https://www.autosphere.fr/fiche-mixte/auto-occasion-ds-ds-7-crossback-e-tense-225ch-performance-line-86000-poitiers-st37976721
DS,Ds 7 crossback,Hybride R/13 967 km/2021/Automatique,52 999 €,https://www.autosphere.fr/fiche-mixte/auto-occasion-ds-ds-7-crossback-e-tense-4x4-300ch-grand-chic-86000-poitiers-21016
DS,Ds 9,Hybride/19 006 km/2021/Automatique,54 999 €,https://www.autosphere.fr/fiche-mixte/auto-occasion-ds-ds-9-hybrid-e-tense-4x4-360ch-rivoli-79000-niort-3209024
DS,Ds 7 crossback,Hybride R/9 725 km/2021/Automatique,45 999 €,https://www.autosphere.fr/fiche-mixte/auto-occasion-ds-ds-7-crossback-e-tense-225ch-rivoli-79000-niort-3207003
DS,Ds 3 crossback,Essence/28 459 km/2020/Automatique,27 300 €,https://www.autosphere.fr/fiche/auto-occasion-ds-ds-3-crossback-puretech-130ch-grand-chic-automatique-7cv-63170-aubiere-63210
DS,Ds 7 crossback,Hybride R/18 250 km/2021/Automatique,51 593 €,https://www.autosphere.fr/fiche-mixte/auto-occasion-ds-ds-7-crossback-e-tense-4x4-300ch-grand-chic-51530-dizy-304082
DS,Ds 3 crossback,Electrique/23 333 km/2020/Automatique,26 990 €,https://www.autosphere.fr/fiche-mixte/auto-occasion-ds-ds-3-crossback-e-tense-so-chic-4cv-84000-avignon-56390
DS,Ds 3 crossback,Diesel/17 296 km/2020/Automatique,28 990 €,https://www.autosphere.fr/fiche-mixte/auto-occasion-ds-ds-3-crossback-bluehdi-130ch-performance-line-automatique-126g-84000-avignon-56475
DS,Ds 7 crossback,Hybride R/10 070 km/2022/Automatique,50 999 €,https://www.autosphere.fr/fiche-mixte/auto-occasion-ds-ds-7-crossback-e-tense-4x4-300ch-rivoli-44000-nantes-72581
DS,Ds 7 crossback,Diesel/34 324 km/2019/Automatique,37 290 €,https://www.autosphere.fr/fiche-mixte/auto-occasion-ds-ds-7-crossback-bluehdi-180ch-performance-line-automatique-128g-41260-la-chaussee-saint-victor-66850
DS,Ds 7 crossback,Diesel/39 505 km/2020/Automatique,33 299 €,https://www.autosphere.fr/fiche-mixte/auto-occasion-ds-ds-7-crossback-bluehdi-130ch-performance-line-automatique-16430-champniers-810383
DS,Ds 4,Diesel/80 001 km/2017/Manuelle,14 649 €,https://www.autosphere.fr/fiche4/auto-occasion-ds-ds-4-bluehdi-120ch-be-chic-s-s-38000-grenoble-110114
DS,Ds 7 crossback,Diesel/21 950 km/2021/Automatique,40 990 €,https://www.autosphere.fr/fiche-mixte/auto-occasion-ds-ds-7-crossback-bluehdi-180ch-executive-automatique-64300-orthez-2212819
DS,Ds 7 crossback,Diesel/60 835 km/2019/Manuelle,24 590 €,https://www.autosphere.fr/fiche/auto-occasion-ds-ds-7-crossback-bluehdi-130ch-chic-94000-creteil-229941
DS,Ds 3 crossback,Diesel/56 236 km/2019/Manuelle,22 980 €,https://www.autosphere.fr/fiche-mixte/auto-occasion-ds-ds-3-crossback-bluehdi-100ch-grand-chic-97g-38320-eybens-320134
DS,Ds 9,Hybride/4 600 km/2021/Automatique,47 825 €,https://www.autosphere.fr/fiche-mixte/auto-occasion-ds-ds-9-hybrid-e-tense-225ch-rivoli-51100-reims-255261
DS,Ds 3 crossback,Essence/15 543 km/2020/Automatique,29 979 €,https://www.autosphere.fr/fiche-mixte/auto-occasion-ds-ds-3-crossback-puretech-155ch-rivoli-automatique-74600-seynod-155017
DS,Ds 3 crossback,Electrique/28 000 km/2020/Automatique,26 874 €,https://www.autosphere.fr/fiche-mixte/auto-occasion-ds-ds-3-crossback-e-tense-performance-line-51100-reims-256799
DS,Ds 7 crossback,Hybride R/12 880 km/2021/Automatique,52 990 €,https://www.autosphere.fr/fiche-mixte/auto-occasion-ds-ds-7-crossback-e-tense-4x4-300ch-rivoli-63000-clermont-ferrand-131852
DS,Ds 7 crossback,Diesel/13 700 km/2022/Automatique,41 480 €,https://www.autosphere.fr/fiche-mixte/auto-occasion-ds-ds-7-crossback-bluehdi-130ch-grand-chic-automatique-139g-71100-chalon-sur-saone-607173
DS,Ds 9,Hybride/10 017 km/2022/Automatique,56 999 €,https://www.autosphere.fr/fiche-mixte/auto-occasion-ds-ds-9-hybrid-e-tense-250ch-performance-line-86000-poitiers-21017
DS,Ds 3 crossback,Essence/13 659 km/2021/Manuelle,24 980 €,https://www.autosphere.fr/fiche-mixte/auto-occasion-ds-ds-3-crossback-puretech-100ch-performance-line-38320-eybens-320131
DS,Ds 7 crossback,Essence/54 237 km/2019/Automatique,33 998 €,https://www.autosphere.fr/fiche-mixte/auto-occasion-ds-ds-7-crossback-puretech-225ch-grand-chic-automatique-25000-besancon-190398
DS,Ds 7 crossback,Hybride R/33 389 km/2020/Automatique,43 290 €,https://www.autosphere.fr/fiche-mixte/auto-occasion-ds-ds-7-crossback-e-tense-225ch-performance-line-59640-dunkerque-320989
DS,Ds 3 crossback,Diesel/3 432 km/2022/Automatique,43 990 €,https://www.autosphere.fr/fiche4/auto-occasion-ds-ds-3-crossback-bluehdi-130ch-grand-chic-automatique-126g-08000-charleville-mezieres-230260
DS,Ds 7 crossback,Diesel/41 888 km/2020/Automatique,33 999 €,https://www.autosphere.fr/fiche-mixte/auto-occasion-ds-ds-7-crossback-bluehdi-180ch-grand-chic-automatique-79000-niort-43946
DS,Ds 7 crossback,Diesel/42 346 km/2021/Automatique,35 999 €,https://www.autosphere.fr/fiche-mixte/auto-occasion-ds-ds-7-crossback-bluehdi-130ch-performance-line-automatique-86000-poitiers-21023
DS,Ds 3 crossback,Essence/12 696 km/2021/Automatique,29 900 €,https://www.autosphere.fr/fiche-mixte/auto-occasion-ds-ds-3-crossback-puretech-130ch-performance-line-automatique-7cv-13700-marignane-227719
DS,Ds 3 crossback,Diesel/15 km/2022/Automatique,31 499 €,https://www.autosphere.fr/fiche-mixte/auto-occasion-ds-ds-3-crossback-bluehdi-130ch-bastille-automatique-62800-lievin-a25025
DS,Ds 3 crossback,Essence/33 008 km/2019/Automatique,23 980 €,https://www.autosphere.fr/fiche/auto-occasion-ds-ds-3-crossback-puretech-130ch-performance-line-automatique-77100-nanteuil-les-meaux-m034414
DS,Ds 3 crossback,Diesel/14 756 km/2020/Automatique,29 900 €,https://www.autosphere.fr/fiche-mixte/auto-occasion-ds-ds-3-crossback-bluehdi-130ch-grand-chic-automatique-84000-avignon-56828
DS,Ds 3,Essence/35 852 km/2016/Manuelle,15 500 €,https://www.autosphere.fr/fiche/auto-occasion-ds-ds-3-puretech-130ch-givenchy-le-makeup-s-s-51100-reims-12494
DS,Ds 4,Hybride/2 500 km/2023/Automatique,39 990 €,https://www.autosphere.fr/fiche-mixte/auto-occasion-ds-ds-4-e-tense-225ch-performance-line-16430-champniers-1050780
DS,Ds 3 crossback,Essence/6 131 km/2021/Automatique,34 499 €,https://www.autosphere.fr/fiche-mixte/auto-occasion-ds-ds-3-crossback-puretech-155ch-rivoli-automatique-33700-merignac-2302039
DS,Ds 3,Essence/19 882 km/2017/Manuelle,20 480 €,https://www.autosphere.fr/fiche/auto-occasion-ds-ds-3-thp-208ch-performance-black-special-s-s-77100-nanteuil-les-meaux-m034574
DS,Ds 7 crossback,Hybride R/4 500 km/2021/Automatique,49 990 €,https://www.autosphere.fr/fiche-mixte/auto-occasion-ds-ds-7-crossback-e-tense-4x4-300ch-rivoli-63200-riom-131055
DS,Ds 7 crossback,Diesel/4 681 km/2022/Automatique,39 499 €,https://www.autosphere.fr/fiche-mixte/auto-occasion-ds-ds-7-crossback-bluehdi-130ch-rivoli-automatique-86000-poitiers-3207302
DS,Ds 7 crossback,Diesel/56 586 km/2018/Automatique,28 190 €,https://www.autosphere.fr/fiche-mixte/auto-occasion-ds-ds-7-crossback-bluehdi-130ch-business-automatique-62217-beaurains-a73611
DS,Ds 3 crossback,Essence/100 km/2022/Automatique,34 699 €,https://www.autosphere.fr/fiche-mixte/auto-occasion-ds-ds-3-crossback-puretech-155ch-rivoli-automatique-63000-clermont-ferrand-131467
DS,Ds 7 crossback,Diesel/53 145 km/2019/Automatique,35 999 €,https://www.autosphere.fr/fiche-mixte/auto-occasion-ds-ds-7-crossback-bluehdi-180ch-grand-chic-automatique-128g-86000-poitiers-21093
DS,Ds 3 crossback,Diesel/29 026 km/2020/Automatique,27 999 €,https://www.autosphere.fr/fiche-mixte/auto-occasion-ds-ds-3-crossback-bluehdi-130ch-performance-line-automatique-13300-salon-de-provence-34596
DS,Ds 7 crossback,Diesel/88 656 km/2019/Automatique,28 490 €,https://www.autosphere.fr/fiche/auto-occasion-ds-ds-7-crossback-bluehdi-130ch-performance-line-automatique-100g-02000-laon-3624
DS,Ds 7 crossback,Diesel/34 800 km/2019/Automatique,36 824 €,https://www.autosphere.fr/fiche-mixte/auto-occasion-ds-ds-7-crossback-bluehdi-180ch-performance-line-automatique-51100-reims-256778
DS,Ds 7 crossback,Diesel/61 224 km/2019/Automatique,29 699 €,https://www.autosphere.fr/fiche/auto-occasion-ds-ds-7-crossback-bluehdi-180ch-business-automatique-128g-16430-champniers-3211005
DS,Ds 3 crossback,Essence/13 138 km/2020/Automatique,27 779 €,https://www.autosphere.fr/fiche-mixte/auto-occasion-ds-ds-3-crossback-puretech-130ch-performance-line-automatique-7cv-13100-aix-en-provence-91735
DS,Ds 3 crossback,Electrique/10 117 km/2020/Automatique,29 990 €,https://www.autosphere.fr/fiche-mixte/auto-occasion-ds-ds-3-crossback-e-tense-la-premiere-4cv-38170-seyssinet-pariset-320088
DS,Ds 3,Essence/107 611 km/2015/Manuelle,11 900 €,https://www.autosphere.fr/fiche/auto-occasion-ds-ds-3-puretech-110ch-so-chic-s-s-84000-avignon-56787
DS,Ds 3 crossback,Diesel/94 461 km/2020/Automatique,21 922 €,https://www.autosphere.fr/fiche4/auto-occasion-ds-ds-3-crossback-bluehdi-130ch-connected-chic-automatique-126g-08000-charleville-mezieres-221197
DS,Ds 7 crossback,Diesel/73 061 km/2019/Automatique,31 999 €,https://www.autosphere.fr/fiche/auto-occasion-ds-ds-7-crossback-bluehdi-180ch-performance-line-automatique-86000-poitiers-21021
DS,Ds 4 crossback,Diesel/112 795 km/2016/Automatique,13 491 €,https://www.autosphere.fr/fiche4/auto-occasion-ds-ds-4-crossback-bluehdi-120-sport-chic-s-s-eat6-51530-dizy-304255
DS,Ds 7 crossback,Hybride R/11 928 km/2021/Automatique,44 799 €,https://www.autosphere.fr/fiche-mixte/auto-occasion-ds-ds-7-crossback-hybride-e-tense-225ch-eat-8-business-86500-montmorillon-3209714
DS,Ds 4,Diesel/118 176 km/2017/Manuelle,12 890 €,https://www.autosphere.fr/fiche/auto-occasion-ds-ds-4-bluehdi-120ch-so-chic-s-s-57180-terville-221546
DS,Ds 7 crossback,Hybride R/30 298 km/2020/Automatique,45 999 €,https://www.autosphere.fr/fiche-mixte/auto-occasion-ds-ds-7-crossback-e-tense-4x4-300ch-grand-chic-33700-merignac-2210128
DS,Ds 7 crossback,Diesel/80 050 km/2019/Automatique,29 990 €,https://www.autosphere.fr/fiche4/auto-occasion-ds-ds-7-crossback-bluehdi-180ch-grand-chic-automatique-128g-38170-seyssinet-pariset-320093
DS,Ds 3 crossback,Essence/99 157 km/2019/Manuelle,17 979 €,https://www.autosphere.fr/fiche4/auto-occasion-ds-ds-3-crossback-puretech-100ch-business-01000-bourg-en-bresse-123094
DS,Ds 7 crossback,Diesel/7 700 km/2022/Automatique,43 980 €,https://www.autosphere.fr/fiche-mixte/auto-occasion-ds-ds-7-crossback-bluehdi-130ch-rivoli-automatique-51100-reims-255803
DS,Ds 3 crossback,Essence/38 255 km/2021/Automatique,26 480 €,https://www.autosphere.fr/fiche-mixte/auto-occasion-ds-ds-3-crossback-puretech-130ch-performance-line-automatique-7cv-73000-chambery-400045
DS,Ds 3 crossback,Electrique/15 988 km/2021/Automatique,35 980 €,https://www.autosphere.fr/fiche-mixte/auto-occasion-ds-ds-3-crossback-e-tense-grand-chic-4cv-71100-chalon-sur-saone-607367
DS,Ds 7 crossback,Diesel/44 400 km/2019/Automatique,35 428 €,https://www.autosphere.fr/fiche4/auto-occasion-ds-ds-7-crossback-bluehdi-180ch-performance-line-automatique-128g-51100-reims-256759
DS,Ds 3 crossback,Electrique/5 400 km/2022/Automatique,36 980 €,https://www.autosphere.fr/fiche-mixte/auto-occasion-ds-ds-3-crossback-e-tense-performance-line-51100-reims-255804
DS,Ds 3 crossback,Diesel/14 600 km/2021/Automatique,30 299 €,https://www.autosphere.fr/fiche-mixte/auto-occasion-ds-ds-3-crossback-bluehdi-130ch-performance-line-automatique-126g-86000-poitiers-69224
DS,Ds 4,Essence/49 540 km/2017/Manuelle,14 980 €,https://www.autosphere.fr/fiche4/auto-occasion-ds-ds-4-puretech-130ch-be-chic-s-s-71000-sance-319728
DS,Ds 3 crossback,Diesel/28 200 km/2021/Automatique,30 817 €,https://www.autosphere.fr/fiche-mixte/auto-occasion-ds-ds-3-crossback-bluehdi-130ch-grand-chic-automatique-126g-51100-reims-256735
DS,Ds 3 crossback,Essence/35 120 km/2019/Automatique,26 990 €,https://www.autosphere.fr/fiche-mixte/auto-occasion-ds-ds-3-crossback-puretech-155ch-grand-chic-automatique-126g-73209-albertville-036265
DS,Ds 7 crossback,Diesel/9 097 km/2022/Automatique,39 990 €,https://www.autosphere.fr/fiche-mixte/auto-occasion-ds-ds-7-crossback-bluehdi-130ch-grand-chic-automatique-139g-08000-charleville-mezieres-220728
DS,Ds 7 crossback,Essence/53 000 km/2019/Manuelle,26 873 €,https://www.autosphere.fr/fiche-mixte/auto-occasion-ds-ds-7-crossback-puretech-130ch-so-chic-120g-51100-reims-256744
DS,Ds 7 crossback,Hybride R/7 523 km/2022/Automatique,53 990 €,https://www.autosphere.fr/fiche-mixte/auto-occasion-ds-ds-7-crossback-e-tense-225ch-performance-line-59850-nieppe-221511
DS,Ds 7 crossback,Diesel/9 000 km/2022/Automatique,45 480 €,https://www.autosphere.fr/fiche-mixte/auto-occasion-ds-ds-7-crossback-bluehdi-130ch-rivoli-automatique-51100-reims-256361
DS,Ds 4,Hybride/27 900 km/2021/Automatique,42 422 €,https://www.autosphere.fr/fiche-mixte/auto-occasion-ds-ds-4-e-tense-225ch-trocadero-08000-charleville-mezieres-221104
DS,Ds 3 crossback,Essence/15 950 km/2021/Automatique,30 299 €,https://www.autosphere.fr/fiche-mixte/auto-occasion-ds-ds-3-crossback-puretech-155ch-grand-chic-automatique-03100-montlucon-131096
DS,Ds 7 crossback,Hybride R/45 900 km/2021/Automatique,46 782 €,https://www.autosphere.fr/fiche-mixte/auto-occasion-ds-ds-7-crossback-e-tense-225ch-grand-chic-51100-reims-256756
DS,Ds 5,Diesel/80 435 km/2017/Automatique,19 499 €,https://www.autosphere.fr/fiche/auto-occasion-ds-ds-5-bluehdi-180ch-so-chic-s-s-eat6-44400-reze-105910
DS,Ds 7 crossback,Hybride R/5 000 km/2021/Automatique,53 990 €,https://www.autosphere.fr/fiche-mixte/auto-occasion-ds-ds-7-crossback-e-tense-4x4-300ch-grand-chic-51100-reims-255189
DS,Ds 7 crossback,Diesel/84 790 km/2020/Automatique,33 999 €,https://www.autosphere.fr/fiche/auto-occasion-ds-ds-7-crossback-bluehdi-180ch-performance-line-automatique-79000-niort-3164
DS,Ds 7 crossback,Diesel/32 823 km/2020/Automatique,37 999 €,https://www.autosphere.fr/fiche/auto-occasion-ds-ds-7-crossback-bluehdi-180ch-performance-line-automatique-86000-poitiers-120120
DS,Ds 7 crossback,Diesel/48 073 km/2019/Automatique,34 480 €,https://www.autosphere.fr/fiche-mixte/auto-occasion-ds-ds-7-crossback-bluehdi-180ch-grand-chic-automatique-08000-charleville-mezieres-230189
DS,Ds 7 crossback,Diesel/73 522 km/2020/Automatique,34 999 €,https://www.autosphere.fr/fiche/auto-occasion-ds-ds-7-crossback-bluehdi-180ch-grand-chic-automatique-79000-niort-3165
DS,Ds 7 crossback,Diesel/58 956 km/2021/Automatique,37 480 €,https://www.autosphere.fr/fiche-mixte/auto-occasion-ds-ds-7-crossback-bluehdi-180ch-performance-line-automatique-71000-sance-319613
DS,Ds 3 crossback,Diesel/48 477 km/2019/Automatique,25 490 €,https://www.autosphere.fr/fiche-mixte/auto-occasion-ds-ds-3-crossback-bluehdi-130ch-performance-line-automatique-98g-10000-troyes-21390
DS,Ds 3 crossback,Essence/30 467 km/2020/Manuelle,23 999 €,https://www.autosphere.fr/fiche-mixte/auto-occasion-ds-ds-3-crossback-puretech-100ch-performance-line-16430-champniers-125104
DS,Ds 7 crossback,Diesel/72 400 km/2019/Automatique,33 426 €,https://www.autosphere.fr/fiche4/auto-occasion-ds-ds-7-crossback-bluehdi-180ch-grand-chic-automatique-51100-reims-256221
DS,Ds 3 crossback,Diesel/51 026 km/2020/Manuelle,22 990 €,https://www.autosphere.fr/fiche-mixte/auto-occasion-ds-ds-3-crossback-bluehdi-100ch-performance-line-59850-nieppe-221485
DS,Ds 3 crossback,Essence/31 339 km/2021/Manuelle,24 199 €,https://www.autosphere.fr/fiche-mixte/auto-occasion-ds-ds-3-crossback-puretech-100ch-so-chic-26100-romans-sur-isere-41122
DS,Ds 7 crossback,Diesel/96 867 km/2018/Automatique,28 490 €,https://www.autosphere.fr/fiche/auto-occasion-ds-ds-7-crossback-bluehdi-180ch-grand-chic-automatique-128g-63000-clermont-ferrand-131856
DS,Ds 3 crossback,Essence/12 128 km/2019/Manuelle,23 990 €,https://www.autosphere.fr/fiche-mixte/auto-occasion-ds-ds-3-crossback-puretech-100ch-performance-line-62800-lievin-220533
DS,Ds 7 crossback,Hybride R/7 619 km/2021/Automatique,49 990 €,https://www.autosphere.fr/fiche-mixte/auto-occasion-ds-ds-7-crossback-e-tense-225ch-grand-chic-08000-charleville-mezieres-220369
DS,Ds 3 cabrio,Essence/16 800 km/2018/Manuelle,19 379 €,https://www.autosphere.fr/fiche-mixte/auto-occasion-ds-ds-3-cabrio-puretech-130ch-sport-chic-s-s-73000-chambery-325625
DS,Ds 3 crossback,Diesel/57 099 km/2020/Automatique,24 999 €,https://www.autosphere.fr/fiche-mixte/auto-occasion-ds-ds-3-crossback-bluehdi-130ch-so-chic-automatique-98g-79000-niort-3163
DS,Ds 7 crossback,Diesel/138 068 km/2019/Automatique,25 490 €,https://www.autosphere.fr/fiche4/auto-occasion-ds-ds-7-crossback-bluehdi-180ch-grand-chic-automatique-02200-soissons-s7976
DS,Ds 7 crossback,Diesel/8 490 km/2022/Automatique,43 999 €,https://www.autosphere.fr/fiche-mixte/auto-occasion-ds-ds-7-crossback-bluehdi-130ch-rivoli-automatique-86000-poitiers-21018
DS,Ds 3 crossback,Essence/28 500 km/2020/Automatique,26 290 €,https://www.autosphere.fr/fiche/auto-occasion-ds-ds-3-crossback-puretech-130ch-performance-line-automatique-7cv-86400-civray-2210573
DS,Ds 7 crossback,Hybride R/3 868 km/2022/Automatique,56 999 €,https://www.autosphere.fr/fiche-mixte/auto-occasion-ds-ds-7-crossback-e-tense-225ch-rivoli-03110-charmeil-41947
DS,Ds 3 crossback,Diesel/62 487 km/2019/Automatique,24 480 €,https://www.autosphere.fr/fiche4/auto-occasion-ds-ds-3-crossback-bluehdi-130ch-performance-line-automatique-98g-71000-sance-319650
DS,Ds 3 crossback,Diesel/41 882 km/2020/Automatique,26 499 €,https://www.autosphere.fr/fiche-mixte/auto-occasion-ds-ds-3-crossback-bluehdi-130ch-grand-chic-automatique-126g-86000-poitiers-3210017
DS,Ds 3,Essence/45 900 km/2019/Automatique,16 990 €,https://www.autosphere.fr/fiche-mixte/auto-occasion-ds-ds-3-puretech-110ch-so-chic-automatique-94000-creteil-98459
DS,Ds 3 crossback,Electrique/85 900 km/2020/Automatique,24 873 €,https://www.autosphere.fr/fiche4/auto-occasion-ds-ds-3-crossback-e-tense-performance-line-51100-reims-256769
DS,Ds 4 crossback,Essence/115 093 km/2017/Manuelle,14 499 €,https://www.autosphere.fr/fiche/auto-occasion-ds-ds-4-crossback-puretech-130-sport-chic-s-s-60740-saint-maximin-1016875
DS,Ds 3 crossback,Essence/10 km/2022/Automatique,30 990 €,https://www.autosphere.fr/fiche-mixte/auto-occasion-ds-ds-3-crossback-puretech-130ch-bastille-automatique-37400-amboise-33593
DS,Ds 7 crossback,Diesel/35 600 km/2021/Automatique,38 842 €,https://www.autosphere.fr/fiche-mixte/auto-occasion-ds-ds-7-crossback-bluehdi-130ch-grand-chic-automatique-139g-51100-reims-256722
DS,Ds 3 crossback,Essence/26 457 km/2020/Automatique,25 799 €,https://www.autosphere.fr/fiche-mixte/auto-occasion-ds-ds-3-crossback-puretech-130ch-performance-line-automatique-86000-poitiers-3209022
DS,Ds 3 crossback,Diesel/72 900 km/2019/Automatique,24 439 €,https://www.autosphere.fr/fiche4/auto-occasion-ds-ds-3-crossback-bluehdi-130ch-grand-chic-automatique-51100-reims-256505
DS,Ds 7 crossback,Hybride R/14 445 km/2021/Automatique,43 499 €,https://www.autosphere.fr/fiche-mixte/auto-occasion-ds-ds-7-crossback-e-tense-225ch-business-86000-poitiers-52
DS,Ds 7 crossback,Diesel/8 609 km/2022/Automatique,39 999 €,https://www.autosphere.fr/fiche-mixte/auto-occasion-ds-ds-7-crossback-bluehdi-130ch-rivoli-automatique-86000-poitiers-3207301
DS,Ds 3 crossback,Essence/34 500 km/2021/Automatique,29 857 €,https://www.autosphere.fr/fiche-mixte/auto-occasion-ds-ds-3-crossback-puretech-130ch-grand-chic-automatique-7cv-51100-reims-256438
DS,Ds 3 crossback,Electrique/61 400 km/2020/Automatique,28 843 €,https://www.autosphere.fr/fiche4/auto-occasion-ds-ds-3-crossback-e-tense-performance-line-51100-reims-256658
DS,Ds 4,Essence/29 500 km/2021/Automatique,39 899 €,https://www.autosphere.fr/fiche-mixte/auto-occasion-ds-ds-4-puretech-225ch-cross-rivoli-automatique-86000-poitiers-3207303
DS,Ds 7 crossback,Diesel/9 280 km/2022/Automatique,41 472 €,https://www.autosphere.fr/fiche-mixte/auto-occasion-ds-ds-7-crossback-bluehdi-130ch-grand-chic-automatique-139g-08000-charleville-mezieres-220937
DS,Ds 3 crossback,Diesel/10 km/2022/Automatique,31 999 €,https://www.autosphere.fr/fiche-mixte/auto-occasion-ds-ds-3-crossback-bluehdi-130ch-bastille-automatique-79000-niort-3210026
DS,Ds 3 crossback,Essence/10 km/2022/Automatique,30 699 €,https://www.autosphere.fr/fiche-mixte/auto-occasion-ds-ds-3-crossback-puretech-130ch-bastille-automatique-26000-valence-41090
DS,Ds 7 crossback,Diesel/62 000 km/2019/Automatique,34 990 €,https://www.autosphere.fr/fiche/auto-occasion-ds-ds-7-crossback-bluehdi-180ch-grand-chic-automatique-128g-34500-beziers-74046
DS,Ds 3 crossback,Essence/25 861 km/2019/Automatique,24 999 €,https://www.autosphere.fr/fiche-mixte/auto-occasion-ds-ds-3-crossback-puretech-155ch-so-chic-automatique-115g-86000-poitiers-3212006
DS,Ds 7 crossback,Diesel/1 900 km/2022/Automatique,43 980 €,https://www.autosphere.fr/fiche-mixte/auto-occasion-ds-ds-7-crossback-bluehdi-130ch-rivoli-automatique-51100-reims-256058
DS,Ds 3,Essence/56 073 km/2018/Automatique,16 899 €,https://www.autosphere.fr/fiche-mixte/auto-occasion-ds-ds-3-puretech-110ch-sport-chic-s-s-eat6-13300-salon-de-provence-34876
DS,Ds 7 crossback,Hybride R/26 730 km/2021/Automatique,47 922 €,https://www.autosphere.fr/fiche-mixte/auto-occasion-ds-ds-7-crossback-e-tense-225ch-performance-line-08000-charleville-mezieres-221205
DS,Ds 3 crossback,Electrique/39 500 km/2020/Automatique,28 472 €,https://www.autosphere.fr/fiche4/auto-occasion-ds-ds-3-crossback-e-tense-performance-line-51370-thillois-400062
DS,Ds 7 crossback,Hybride R/8 124 km/2021/Automatique,59 990 €,https://www.autosphere.fr/fiche-mixte/auto-occasion-ds-ds-7-crossback-e-tense-4x4-300ch-grand-chic-01007-bourg-en-bresse-dsbb000012
DS,Ds 4,Diesel/112 539 km/2017/Manuelle,11 978 €,https://www.autosphere.fr/fiche4/auto-occasion-ds-ds-4-bluehdi-120ch-so-chic-s-s-38000-grenoble-109141
DS,Ds 3 crossback,Essence/10 km/2022/Automatique,26 979 €,https://www.autosphere.fr/fiche-mixte/auto-occasion-ds-ds-3-crossback-puretech-130ch-montmartre-automatique-38170-seyssinet-pariset-320150
DS,Ds 3,Essence/58 817 km/2017/Manuelle,13 690 €,https://www.autosphere.fr/fiche/auto-occasion-ds-ds-3-puretech-82ch-so-chic-62219-longuenesse-221285
DS,Ds 7 crossback,Diesel/122 092 km/2019/Automatique,27 980 €,https://www.autosphere.fr/fiche4/auto-occasion-ds-ds-7-crossback-bluehdi-180ch-grand-chic-automatique-38170-seyssinet-pariset-320141
DS,Ds 3,Essence/45 138 km/2018/Manuelle,13 990 €,https://www.autosphere.fr/fiche-mixte/auto-occasion-ds-ds-3-puretech-82ch-connected-chic-63000-clermont-ferrand-131854
DS,Ds 3 crossback,Diesel/78 487 km/2020/Automatique,23 999 €,https://www.autosphere.fr/fiche/auto-occasion-ds-ds-3-crossback-bluehdi-130ch-performance-line-automatique-86000-poitiers-210176
DS,Ds 7 crossback,Diesel/98 317 km/2018/Automatique,27 499 €,https://www.autosphere.fr/fiche/auto-occasion-ds-ds-7-crossback-bluehdi-180ch-grand-chic-automatique-128g-44400-reze-105222
DS,Ds 3 crossback,Electrique/14 500 km/2021/Automatique,33 980 €,https://www.autosphere.fr/fiche-mixte/auto-occasion-ds-ds-3-crossback-e-tense-grand-chic-4cv-71100-chalon-sur-saone-607199
DS,Ds 7 crossback,Diesel/13 200 km/2021/Automatique,37 990 €,https://www.autosphere.fr/fiche-mixte/auto-occasion-ds-ds-7-crossback-bluehdi-130ch-rivoli-automatique-38170-seyssinet-pariset-320012
DS,Ds 7 crossback,Diesel/46 688 km/2018/Automatique,30 499 €,https://www.autosphere.fr/fiche/auto-occasion-ds-ds-7-crossback-bluehdi-180ch-performance-line-automatique-128g-03110-charmeil-41619
DS,Ds 7 crossback,Diesel/25 000 km/2021/Automatique,44 990 €,https://www.autosphere.fr/fiche-mixte/auto-occasion-ds-ds-7-crossback-bluehdi-180ch-grand-chic-automatique-86000-poitiers-gb439my
DS,Ds 3,Essence/79 026 km/2017/Manuelle,13 990 €,https://www.autosphere.fr/fiche/auto-occasion-ds-ds-3-puretech-82ch-connected-chic-84000-avignon-56853
DS,Ds 7 crossback,Hybride R/16 055 km/2021/Automatique,49 990 €,https://www.autosphere.fr/fiche-mixte/auto-occasion-ds-ds-7-crossback-e-tense-4x4-300ch-grand-chic-63000-clermont-ferrand-131828
DS,Ds 7 crossback,Hybride R/17 323 km/2021/Automatique,46 799 €,https://www.autosphere.fr/fiche-mixte/auto-occasion-ds-ds-7-crossback-e-tense-225ch-rivoli-79000-niort-3208017
DS,Ds 7 crossback,Diesel/35 058 km/2021/Automatique,36 390 €,https://www.autosphere.fr/fiche-mixte/auto-occasion-ds-ds-7-crossback-bluehdi-130ch-performance-line-automatique-63000-clermont-ferrand-131834
DS,Ds 3,Diesel/104 490 km/2016/Manuelle,9 999 €,https://www.autosphere.fr/fiche/auto-occasion-ds-ds-3-bluehdi-100ch-so-chic-s-s-86100-chatellerault-46753
DS,Ds 3 crossback,Essence/25 700 km/2021/Automatique,29 485 €,https://www.autosphere.fr/fiche-mixte/auto-occasion-ds-ds-3-crossback-puretech-130ch-grand-chic-automatique-7cv-51100-reims-256734
DS,Ds 7 crossback,Diesel/43 300 km/2020/Automatique,39 423 €,https://www.autosphere.fr/fiche-mixte/auto-occasion-ds-ds-7-crossback-bluehdi-180ch-grand-chic-automatique-51100-reims-256539
DS,Ds 3 crossback,Essence/23 447 km/2019/Automatique,27 299 €,https://www.autosphere.fr/fiche-mixte/auto-occasion-ds-ds-3-crossback-puretech-155ch-grand-chic-automatique-114g-79000-niort-3212065
DS,Ds 7 crossback,Diesel/21 497 km/2021/Automatique,39 990 €,https://www.autosphere.fr/fiche-mixte/auto-occasion-ds-ds-7-crossback-bluehdi-180ch-grand-chic-automatique-63000-clermont-ferrand-131845
DS,Ds 7 crossback,Essence/56 957 km/2018/Automatique,32 190 €,https://www.autosphere.fr/fiche-mixte/auto-occasion-ds-ds-7-crossback-puretech-225ch-performance-line-automatique-63000-clermont-ferrand-131832
DS,Ds,Diesel/62 447 km/2020/,18 980 €,https://www.autosphere.fr/fiche4/auto-occasion-ds-ds-4-bluehdi-180ch-sport-chic-s-s-eat6-73209-albertville-155216
DS,Ds 7 crossback,Essence/39 858 km/2020/Automatique,32 990 €,https://www.autosphere.fr/fiche-mixte/auto-occasion-ds-ds-7-crossback-puretech-180ch-performance-line-automatique-10cv-62232-fouquieres-les-bethune-220810
DS,Ds 7 crossback,Diesel/112 530 km/2018/Automatique,26 480 €,https://www.autosphere.fr/fiche4/auto-occasion-ds-ds-7-crossback-bluehdi-180ch-performance-line-automatique-128g-01000-bourg-en-bresse-123258
DS,Ds 7 crossback,Hybride R/58 312 km/2020/Automatique,40 990 €,https://www.autosphere.fr/fiche-mixte/auto-occasion-ds-ds-7-crossback-e-tense-4x4-300ch-grand-chic-86000-poitiers-221113
DS,Ds 3 crossback,Essence/24 935 km/2021/Automatique,27 996 €,https://www.autosphere.fr/fiche-mixte/auto-occasion-ds-ds-3-crossback-puretech-130ch-performance-line-automatique-7cv-60740-saint-maximin-1016375
DS,Ds 7 crossback,Hybride R/12 045 km/2021/Automatique,59 980 €,https://www.autosphere.fr/fiche-mixte/auto-occasion-ds-ds-7-crossback-e-tense-4x4-300ch-grand-chic-71000-sance-319549
DS,Ds 7 crossback,Essence/11 410 km/2020/Automatique,32 990 €,https://www.autosphere.fr/fiche-mixte/auto-occasion-ds-ds-7-crossback-puretech-130ch-performance-line-automatique-59640-dunkerque-320718
DS,Ds 3 crossback,Diesel/1 000 km/2022/Automatique,36 590 €,https://www.autosphere.fr/fiche-mixte/auto-occasion-ds-ds-3-crossback-bluehdi-130ch-rivoli-automatique-16430-champniers-117379
DS,Ds 3 crossback,Essence/6 000 km/2020/Manuelle,23 826 €,https://www.autosphere.fr/fiche-mixte/auto-occasion-ds-ds-3-crossback-puretech-100ch-so-chic-51100-reims-256780
DS,Ds 7 crossback,Diesel/77 500 km/2018/Automatique,32 847 €,https://www.autosphere.fr/fiche4/auto-occasion-ds-ds-7-crossback-bluehdi-180ch-performance-line-automatique-128g-51100-reims-256479
DS,Ds 3 crossback,Essence/11 610 km/2021/Automatique,27 980 €,https://www.autosphere.fr/fiche-mixte/auto-occasion-ds-ds-3-crossback-puretech-130ch-connected-chic-automatique-71103-chalon-sur-saone-607168
DS,Ds 3 crossback,Electrique/10 km/2022/Automatique,39 990 €,https://www.autosphere.fr/fiche/auto-occasion-ds-ds-3-crossback-e-tense-performance-line-4cv-86000-poitiers-st38322378
DS,Ds 7 crossback,Diesel/81 865 km/2019/Automatique,31 990 €,https://www.autosphere.fr/fiche/auto-occasion-ds-ds-7-crossback-bluehdi-180ch-grand-chic-automatique-128g-33260-la-teste-de-buch-91071
DS,Ds 7 crossback,Essence/84 190 km/2018/Automatique,26 980 €,https://www.autosphere.fr/fiche4/auto-occasion-ds-ds-7-crossback-puretech-180ch-business-automatique-38170-seyssinet-pariset-320143
DS,Ds 3 crossback,Essence/26 884 km/2019/Automatique,26 999 €,https://www.autosphere.fr/fiche-mixte/auto-occasion-ds-ds-3-crossback-puretech-130ch-grand-chic-automatique-109g-51100-reims-43402
DS,Ds 3 crossback,Essence/38 507 km/2019/Automatique,24 990 €,https://www.autosphere.fr/fiche-mixte/auto-occasion-ds-ds-3-crossback-puretech-130ch-performance-line-automatique-59640-dunkerque-600415
DS,Ds 3 crossback,Electrique/1 000 km/2022/Automatique,39 990 €,https://www.autosphere.fr/fiche-mixte/auto-occasion-ds-ds-3-crossback-e-tense-performance-line-16430-champniers-nw120198
DS,Ds 3,Diesel/103 148 km/2016/Manuelle,12 299 €,https://www.autosphere.fr/fiche/auto-occasion-ds-ds-3-bluehdi-100ch-so-chic-s-s-44400-reze-106010
DS,Ds 3 crossback,Essence/37 431 km/2019/Automatique,26 990 €,https://www.autosphere.fr/fiche-mixte/auto-occasion-ds-ds-3-crossback-puretech-130ch-grand-chic-automatique-84000-avignon-56862
DS,Ds 3 crossback,Essence/1 000 km/2021/Automatique,32 999 €,https://www.autosphere.fr/fiche/auto-occasion-ds-ds-3-crossback-puretech-155ch-grand-chic-automatique-114g-79000-niort-st35168575
DS,Ds 4,Diesel/90 258 km/2017/Manuelle,16 480 €,https://www.autosphere.fr/fiche/auto-occasion-ds-ds-4-bluehdi-120ch-so-chic-s-s-59494-petite-foret-f216501
DS,Ds 3 crossback,Electrique/38 853 km/2020/Automatique,27 980 €,https://www.autosphere.fr/fiche-mixte/auto-occasion-ds-ds-3-crossback-e-tense-so-chic-71100-chalon-sur-saone-607674
DS,Ds 7 crossback,Diesel/43 046 km/2021/Automatique,39 990 €,https://www.autosphere.fr/fiche-mixte/auto-occasion-ds-ds-7-crossback-bluehdi-130ch-rivoli-automatique-73000-chambery-400063
DS,Ds 4 crossback,Diesel/75 797 km/2018/Automatique,18 900 €,https://www.autosphere.fr/fiche/auto-occasion-ds-ds-4-crossback-bluehdi-180-sport-chic-s-s-eat6-13200-arles-2191881
DS,Ds 4,Hybride/12 085 km/2021/Automatique,47 699 €,https://www.autosphere.fr/fiche-mixte/auto-occasion-ds-ds-4-e-tense-225ch-performance-line-79000-niort-3210014
DS,Ds 3 crossback,Diesel/21 510 km/2020/Manuelle,23 980 €,https://www.autosphere.fr/fiche-mixte/auto-occasion-ds-ds-3-crossback-bluehdi-100ch-business-26000-valence-435398
DS,Ds 3 crossback,Diesel/5 177 km/2021/Manuelle,26 999 €,https://www.autosphere.fr/fiche-mixte/auto-occasion-ds-ds-3-crossback-bluehdi-110ch-performance-line-26100-romans-sur-isere-59291
DS,Ds 3 crossback,Essence/27 621 km/2019/Automatique,28 390 €,https://www.autosphere.fr/fiche-mixte/auto-occasion-ds-ds-3-crossback-puretech-155ch-la-premiere-automatique-119g-07430-davezieux-13573
DS,Ds 3 crossback,Electrique/13 909 km/2021/Automatique,35 980 €,https://www.autosphere.fr/fiche-mixte/auto-occasion-ds-ds-3-crossback-e-tense-grand-chic-4cv-71100-chalon-sur-saone-607371
DS,Ds 3 cabrio,Essence/44 252 km/2016/Manuelle,16 480 €,https://www.autosphere.fr/fiche4/auto-occasion-ds-ds-3-cabrio-thp-165ch-so-irresistible-s-s-70000-vesoul-022453
DS,Ds 7 crossback,Diesel/37 500 km/2021/Automatique,34 990 €,https://www.autosphere.fr/fiche-mixte/auto-occasion-ds-ds-7-crossback-bluehdi-130ch-grand-chic-automatique-139g-63200-riom-50897
DS,Ds 7 crossback,Diesel/85 608 km/2019/Manuelle,25 980 €,https://www.autosphere.fr/fiche4/auto-occasion-ds-ds-7-crossback-bluehdi-130ch-performance-line-71000-sance-319965
DS,Ds 3 crossback,Essence/24 443 km/2022/Manuelle,26 999 €,https://www.autosphere.fr/fiche-mixte/auto-occasion-ds-ds-3-crossback-puretech-100ch-bastille-79000-niort-3212043
DS,Ds 7 crossback,Diesel/88 659 km/2018/Automatique,29 499 €,https://www.autosphere.fr/fiche/auto-occasion-ds-ds-7-crossback-bluehdi-180ch-grand-chic-automatique-128g-86000-poitiers-3210011
DS,Ds 3 crossback,Diesel/26 022 km/2021/Automatique,27 999 €,https://www.autosphere.fr/fiche-mixte/auto-occasion-ds-ds-3-crossback-bluehdi-130ch-performance-line-automatique-126g-86000-poitiers-3207052
DS,Ds 7 crossback,Hybride R/41 539 km/2020/Automatique,39 990 €,https://www.autosphere.fr/fiche/auto-occasion-ds-ds-7-crossback-e-tense-4x4-300ch-grand-chic-13127-vitrolles-28272
DS,Ds 3 crossback,Essence/6 770 km/2021/Automatique,28 990 €,https://www.autosphere.fr/fiche4/auto-occasion-ds-ds-3-crossback-puretech-130ch-connected-chic-automatique-38300-ruy-montceau-002261
DS,Ds 3 crossback,Diesel/8 212 km/2020/Manuelle,25 990 €,https://www.autosphere.fr/fiche-mixte/auto-occasion-ds-ds-3-crossback-bluehdi-100ch-grand-chic-97g-59223-roncq-306995
DS,Ds 7 crossback,Essence/41 866 km/2021/Automatique,39 700 €,https://www.autosphere.fr/fiche-mixte/auto-occasion-ds-ds-7-crossback-puretech-180ch-grand-chic-automatique-10cv-73000-chambery-400044
DS,Ds 3 crossback,Electrique/14 725 km/2020/Automatique,28 299 €,https://www.autosphere.fr/fiche-mixte/auto-occasion-ds-ds-3-crossback-e-tense-so-chic-4cv-79000-niort-3211061
DS,Ds 3 crossback,Essence/50 126 km/2019/Automatique,24 299 €,https://www.autosphere.fr/fiche-mixte/auto-occasion-ds-ds-3-crossback-puretech-130ch-grand-chic-automatique-64121-serres-castet-6897
DS,Ds 3 crossback,Essence/500 km/2022/Automatique,35 990 €,https://www.autosphere.fr/fiche/auto-occasion-ds-ds-3-crossback-puretech-155ch-rivoli-automatique-86000-poitiers-st38294631
DS,Ds 3 crossback,Diesel/40 590 km/2020/Manuelle,25 999 €,https://www.autosphere.fr/fiche-mixte/auto-occasion-ds-ds-3-crossback-bluehdi-100ch-performance-line-51100-reims-43357
DS,Ds 7 crossback,Diesel/20 000 km/2021/Automatique,44 980 €,https://www.autosphere.fr/fiche-mixte/auto-occasion-ds-ds-7-crossback-bluehdi-180ch-grand-chic-automatique-77100-nanteuil-les-meaux-m034776
DS,Ds 7 crossback,Diesel/28 456 km/2021/Automatique,33 982 €,https://www.autosphere.fr/fiche-mixte/auto-occasion-ds-ds-7-crossback-bluehdi-130ch-performance-line-automatique-139g-08000-charleville-mezieres-230042
DS,Ds 5,Diesel/96 167 km/2018/Automatique,16 899 €,https://www.autosphere.fr/fiche/auto-occasion-ds-ds-5-bluehdi-120ch-so-chic-s-s-eat6-16430-champniers-3209003
DS,Ds 3 crossback,Diesel/14 568 km/2021/Automatique,32 490 €,https://www.autosphere.fr/fiche-mixte/auto-occasion-ds-ds-3-crossback-bluehdi-130ch-grand-chic-automatique-126g-34500-beziers-73918
DS,Ds 3 crossback,Diesel/14 900 km/2022/Automatique,32 790 €,https://www.autosphere.fr/fiche-mixte/auto-occasion-ds-ds-3-crossback-bluehdi-130ch-performance-line-automatique-126g-16430-champniers-mw061315
DS,Ds 9,Hybride/29 000 km/2021/Automatique,51 990 €,https://www.autosphere.fr/fiche-mixte/auto-occasion-ds-ds-9-hybrid-e-tense-225ch-rivoli-86000-poitiers-gb563yd
DS,Ds 7 crossback,Diesel/44 481 km/2021/Automatique,35 499 €,https://www.autosphere.fr/fiche-mixte/auto-occasion-ds-ds-7-crossback-bluehdi-130ch-performance-line-automatique-139g-79000-niort-3211028
DS,Ds 3 crossback,Essence/47 815 km/2019/Manuelle,21 980 €,https://www.autosphere.fr/fiche-mixte/auto-occasion-ds-ds-3-crossback-puretech-100ch-performance-line-08000-charleville-mezieres-230153
DS,Ds 7 crossback,Hybride R/4 987 km/2021/Automatique,59 999 €,https://www.autosphere.fr/fiche-mixte/auto-occasion-ds-ds-7-crossback-e-tense-4x4-300ch-grand-chic-79000-niort-st35869686
DS,Ds 3,Essence/50 596 km/2018/Manuelle,16 999 €,https://www.autosphere.fr/fiche-mixte/auto-occasion-ds-ds-3-puretech-110ch-dark-side-s-s-60740-saint-maximin-1016756
DS,Ds 7 crossback,Diesel/31 604 km/2019/Automatique,34 999 €,https://www.autosphere.fr/fiche-mixte/auto-occasion-ds-ds-7-crossback-bluehdi-130ch-drive-efficiency-performance-line-automatique-100g-79000-niort-3212037
DS,Ds 3,Essence/87 200 km/2016/Manuelle,12 872 €,https://www.autosphere.fr/fiche4/auto-occasion-ds-ds-3-puretech-110ch-performance-line-s-s-51370-thillois-400025
DS,Ds 4,Essence/3 435 km/2021/Automatique,47 990 €,https://www.autosphere.fr/fiche-mixte/auto-occasion-ds-ds-4-puretech-225ch-performance-line-automatique-01007-bourg-en-bresse-dsbb000010
DS,Ds 3 crossback,Diesel/23 850 km/2020/Manuelle,22 999 €,https://www.autosphere.fr/fiche/auto-occasion-ds-ds-3-crossback-bluehdi-100ch-so-chic-86000-poitiers-3210084
DS,Ds 3 crossback,Essence/31 731 km/2020/Automatique,26 999 €,https://www.autosphere.fr/fiche-mixte/auto-occasion-ds-ds-3-crossback-puretech-130ch-performance-line-automatique-51100-reims-43012
DS,Ds 7 crossback,Hybride R/1 200 km/2021/Automatique,52 990 €,https://www.autosphere.fr/fiche-mixte/auto-occasion-ds-ds-7-crossback-e-tense-4x4-300ch-grand-chic-51100-reims-255429
DS,Ds 7 crossback,Hybride R/25 836 km/2020/Automatique,43 799 €,https://www.autosphere.fr/fiche-mixte/auto-occasion-ds-ds-7-crossback-e-tense-4x4-300ch-grand-chic-86000-poitiers-3206304
DS,Ds 3 crossback,Electrique/25 955 km/2022/Automatique,32 999 €,https://www.autosphere.fr/fiche-mixte/auto-occasion-ds-ds-3-crossback-e-tense-performance-line-86000-poitiers-21051
DS,Ds 3 crossback,Electrique/1 682 km/2022/Automatique,41 999 €,https://www.autosphere.fr/fiche-mixte/auto-occasion-ds-ds-3-crossback-e-tense-performance-line-79000-niort-3212013
DS,Ds 7 crossback,Diesel/31 896 km/2021/Automatique,34 980 €,https://www.autosphere.fr/fiche-mixte/auto-occasion-ds-ds-7-crossback-bluehdi-130ch-performance-line-automatique-73000-chambery-400019
DS,Ds 3 crossback,Electrique/9 999 km/2021/Automatique,32 499 €,https://www.autosphere.fr/fiche-mixte/auto-occasion-ds-ds-3-crossback-e-tense-so-chic-4cv-86000-poitiers-21037
DS,Ds 4,Essence/5 900 km/2022/Automatique,44 493 €,https://www.autosphere.fr/fiche-mixte/auto-occasion-ds-ds-4-puretech-225ch-performance-line-automatique-51530-dizy-304059
DS,Ds 7,Hybride R/2 500 km/2022/Automatique,59 999 €,https://www.autosphere.fr/fiche-mixte/auto-occasion-ds-ds-7-e-tense-225ch-rivoli-79000-niort-st38028094
DS,Ds 3 crossback,Essence/32 200 km/2021/Automatique,28 869 €,https://www.autosphere.fr/fiche-mixte/auto-occasion-ds-ds-3-crossback-puretech-130ch-so-chic-automatique-7cv-51100-reims-256647
DS,Ds 3 crossback,Electrique/12 000 km/2021/Automatique,27 990 €,https://www.autosphere.fr/fiche-mixte/auto-occasion-ds-ds-3-crossback-e-tense-performance-line-4cv-38170-seyssinet-pariset-310094
DS,Ds 7 crossback,Diesel/43 422 km/2021/Automatique,35 299 €,https://www.autosphere.fr/fiche-mixte/auto-occasion-ds-ds-7-crossback-bluehdi-130ch-performance-line-automatique-139g-79000-niort-3212005
DS,Ds 9,Hybride/30 745 km/2021/Automatique,47 990 €,https://www.autosphere.fr/fiche-mixte/auto-occasion-ds-ds-9-hybrid-e-tense-250ch-rivoli-71100-chalon-sur-saone-606775
DS,Ds 7 crossback,Hybride R/42 263 km/2021/Automatique,43 889 €,https://www.autosphere.fr/fiche-mixte/auto-occasion-ds-ds-7-crossback-e-tense-225ch-performance-line-71103-chalon-sur-saone-607438
DS,Ds 3 crossback,Diesel/16 300 km/2021/Automatique,30 893 €,https://www.autosphere.fr/fiche-mixte/auto-occasion-ds-ds-3-crossback-bluehdi-130ch-grand-chic-automatique-126g-51100-reims-256736
DS,Ds 3 crossback,Diesel/19 712 km/2021/Automatique,29 999 €,https://www.autosphere.fr/fiche-mixte/auto-occasion-ds-ds-3-crossback-bluehdi-130ch-performance-line-automatique-126g-79000-niort-3212025
DS,Ds 3 crossback,Diesel/10 km/2022/Automatique,28 999 €,https://www.autosphere.fr/fiche-mixte/auto-occasion-ds-ds-3-crossback-bluehdi-130ch-bastille-automatique-78240-chambourcy-120672
DS,Ds 3 crossback,Essence/50 170 km/2021/Manuelle,22 980 €,https://www.autosphere.fr/fiche-mixte/auto-occasion-ds-ds-3-crossback-puretech-100ch-performance-line-73000-chambery-400050
DS,Ds 7 crossback,Diesel/74 957 km/2018/Automatique,30 999 €,https://www.autosphere.fr/fiche/auto-occasion-ds-ds-7-crossback-bluehdi-180ch-grand-chic-automatique-79000-niort-44176
DS,Ds 7 crossback,Hybride/5 900 km/2021/Automatique,51 990 €,https://www.autosphere.fr/fiche-mixte/auto-occasion-ds-ds-7-crossback-e-tense-4x4-300ch-grand-chic-51100-reims-254450
DS,Ds 3 crossback,Essence/28 400 km/2019/Automatique,25 980 €,https://www.autosphere.fr/fiche-mixte/auto-occasion-ds-ds-3-crossback-puretech-130ch-grand-chic-automatique-109g-71103-chalon-sur-saone-607316
DS,Ds 3 crossback,Diesel/22 072 km/2021/Automatique,29 999 €,https://www.autosphere.fr/fiche-mixte/auto-occasion-ds-ds-3-crossback-bluehdi-130ch-so-chic-automatique-126g-86000-poitiers-21052
DS,Ds 3 crossback,Diesel/42 783 km/2019/Automatique,24 999 €,https://www.autosphere.fr/fiche-mixte/auto-occasion-ds-ds-3-crossback-bluehdi-130ch-performance-line-automatique-100g-86000-poitiers-3211012
DS,Ds 3 crossback,Diesel/59 893 km/2020/Automatique,23 899 €,https://www.autosphere.fr/fiche-mixte/auto-occasion-ds-ds-3-crossback-bluehdi-130ch-so-chic-automatique-7cv-16430-champniers-3209010
DS,Ds 7 crossback,Essence/13 000 km/2021/Automatique,47 990 €,https://www.autosphere.fr/fiche-mixte/auto-occasion-ds-ds-7-crossback-puretech-225ch-grand-chic-automatique-13cv-73000-chambery-vd400326
DS,Ds 3 crossback,Diesel/52 002 km/2020/Automatique,26 999 €,https://www.autosphere.fr/fiche-mixte/auto-occasion-ds-ds-3-crossback-bluehdi-130ch-performance-line-automatique-98g-86000-poitiers-210177
DS,Ds 4,Hybride/5 890 km/2021/Automatique,46 999 €,https://www.autosphere.fr/fiche-mixte/auto-occasion-ds-ds-4-e-tense-225ch-rivoli-86000-poitiers-21086
DS,Ds 3 crossback,Essence/15 km/2021/Automatique,27 990 €,https://www.autosphere.fr/fiche-mixte/auto-occasion-ds-ds-3-crossback-puretech-130ch-grand-chic-automatique-7cv-64300-orthez-2209686
DS,Ds 3 crossback,Essence/19 019 km/2020/Automatique,25 999 €,https://www.autosphere.fr/fiche-mixte/auto-occasion-ds-ds-3-crossback-puretech-130ch-grand-chic-automatique-109g-64300-orthez-2208657
DS,Ds 7 crossback,Diesel/23 059 km/2021/Automatique,38 990 €,https://www.autosphere.fr/fiche-mixte/auto-occasion-ds-ds-7-crossback-bluehdi-180ch-performance-line-automatique-62800-lievin-220416
DS,Ds 4,Essence/10 704 km/2022/Automatique,37 390 €,https://www.autosphere.fr/fiche-mixte/auto-occasion-ds-ds-4-puretech-130ch-performance-line-automatique-60005-beauvais-2013504
DS,Ds 7 crossback,Diesel/83 764 km/2018/Automatique,29 490 €,https://www.autosphere.fr/fiche/auto-occasion-ds-ds-7-crossback-bluehdi-180ch-la-premiere-eat8-13300-salon-de-provence-300111
DS,Ds 7 crossback,Diesel/59 400 km/2020/Automatique,35 467 €,https://www.autosphere.fr/fiche-mixte/auto-occasion-ds-ds-7-crossback-bluehdi-180ch-grand-chic-automatique-51100-reims-256610
DS,Ds 7 crossback,Diesel/21 236 km/2021/Automatique,34 790 €,https://www.autosphere.fr/fiche4/auto-occasion-ds-ds-7-crossback-bluehdi-130ch-performance-line-automatique-51200-epernay-r111611
DS,Ds 4,Diesel/10 240 km/2022/Automatique,38 998 €,https://www.autosphere.fr/fiche-mixte/auto-occasion-ds-ds-4-bluehdi-130ch-rivoli-automatique-16430-champniers-31410
DS,Ds 3 crossback,Diesel/9 500 km/2021/Automatique,33 900 €,https://www.autosphere.fr/fiche4/auto-occasion-ds-ds-3-crossback-bluehdi-130ch-business-automatique-126g-71000-sance-190242
DS,Ds 7 crossback,Hybride R/24 193 km/2022/Automatique,45 599 €,https://www.autosphere.fr/fiche-mixte/auto-occasion-ds-ds-7-crossback-e-tense-225ch-business-16430-champniers-3212010
DS,Ds 3 crossback,Diesel/104 788 km/2020/Automatique,20 799 €,https://www.autosphere.fr/fiche/auto-occasion-ds-ds-3-crossback-bluehdi-130ch-performance-line-automatique-7cv-16430-champniers-3210009
DS,Ds 3,Diesel/100 222 km/2016/Manuelle,13 490 €,https://www.autosphere.fr/fiche/auto-occasion-ds-ds-3-bluehdi-120ch-sport-chic-s-s-62220-carvin-221175
DS,Ds 7 crossback,Diesel/102 318 km/2018/Automatique,25 990 €,https://www.autosphere.fr/fiche4/auto-occasion-ds-ds-7-crossback-bluehdi-180ch-grand-chic-automatique-128g-73209-albertville-035891
DS,Ds 7 crossback,Diesel/25 000 km/2020/Automatique,37 980 €,https://www.autosphere.fr/fiche-mixte/auto-occasion-ds-ds-7-crossback-bluehdi-180ch-grand-chic-automatique-08000-charleville-mezieres-230154
DS,Ds 3 crossback,Essence/16 918 km/2020/Manuelle,24 980 €,https://www.autosphere.fr/fiche-mixte/auto-occasion-ds-ds-3-crossback-puretech-100ch-performance-line-38320-eybens-320139
DS,Ds 7 crossback,Hybride R/12 871 km/2020/Automatique,47 999 €,https://www.autosphere.fr/fiche-mixte/auto-occasion-ds-ds-7-crossback-e-tense-4x4-300ch-grand-chic-86000-poitiers-21060
DS,Ds 3 crossback,Essence/23 336 km/2022/Manuelle,26 399 €,https://www.autosphere.fr/fiche-mixte/auto-occasion-ds-ds-3-crossback-puretech-100ch-bastille-16430-champniers-3212001
DS,Ds 3 crossback,Electrique/20 100 km/2020/Automatique,29 990 €,https://www.autosphere.fr/fiche-mixte/auto-occasion-ds-ds-3-crossback-e-tense-grand-chic-4cv-34120-pezenas-1681
DS,Ds 3 cabrio,Diesel/84 530 km/2017/Manuelle,14 669 €,https://www.autosphere.fr/fiche/auto-occasion-ds-ds-3-cabrio-bluehdi-120ch-sport-chic-s-s-13100-aix-en-provence-91668
DS,Ds 7 crossback,Hybride R/10 100 km/2022/Automatique,51 999 €,https://www.autosphere.fr/fiche/auto-occasion-ds-ds-7-crossback-e-tense-225ch-bastille-86000-poitiers-21054
DS,Ds 3,Essence/57 624 km/2018/Automatique,16 990 €,https://www.autosphere.fr/fiche-mixte/auto-occasion-ds-ds-3-puretech-110ch-sport-chic-s-s-eat6-59320-sequedin-221268
DS,Ds 3 crossback,Diesel/18 316 km/2021/Automatique,30 299 €,https://www.autosphere.fr/fiche-mixte/auto-occasion-ds-ds-3-crossback-bluehdi-130ch-performance-line-automatique-126g-16430-champniers-3211013
DS,Ds 3 crossback,Essence/24 413 km/2021/Manuelle,25 499 €,https://www.autosphere.fr/fiche-mixte/auto-occasion-ds-ds-3-crossback-puretech-100ch-bastille-86000-poitiers-3210073
DS,Ds 7 crossback,Diesel/29 909 km/2021/Automatique,43 999 €,https://www.autosphere.fr/fiche/auto-occasion-ds-ds-7-crossback-bluehdi-180ch-performance-line-automatique-79000-niort-3166
DS,Ds 4,Essence/2 458 km/2022/Automatique,42 980 €,https://www.autosphere.fr/fiche-mixte/auto-occasion-ds-ds-4-puretech-225ch-performance-line-automatique-73000-chambery-400022
DS,Ds 3 crossback,Diesel/43 057 km/2021/Automatique,26 490 €,https://www.autosphere.fr/fiche-mixte/auto-occasion-ds-ds-3-crossback-bluehdi-130ch-so-chic-automatique-126g-63200-riom-50908
DS,Ds 7 crossback,Essence/64 527 km/2019/Automatique,33 999 €,https://www.autosphere.fr/fiche/auto-occasion-ds-ds-7-crossback-puretech-180ch-performance-line-automatique-03110-charmeil-41958
DS,Ds 3 crossback,Essence/30 408 km/2021/Automatique,27 999 €,https://www.autosphere.fr/fiche-mixte/auto-occasion-ds-ds-3-crossback-puretech-130ch-performance-line-automatique-7cv-79000-niort-3212011
DS,Ds 7 crossback,Diesel/53 717 km/2020/Automatique,32 990 €,https://www.autosphere.fr/fiche-mixte/auto-occasion-ds-ds-7-crossback-bluehdi-130ch-grand-chic-automatique-139g-59223-roncq-307091
DS,Ds 3 crossback,Essence/27 659 km/2019/Automatique,26 999 €,https://www.autosphere.fr/fiche-mixte/auto-occasion-ds-ds-3-crossback-puretech-130ch-grand-chic-automatique-111g-86000-poitiers-3212068
DS,Ds 3 crossback,Essence/11 539 km/2020/Automatique,27 990 €,https://www.autosphere.fr/fiche-mixte/auto-occasion-ds-ds-3-crossback-puretech-130ch-performance-line-automatique-7cv-38170-seyssinet-pariset-320089
DS,Ds 7 crossback,Diesel/51 500 km/2019/Automatique,34 852 €,https://www.autosphere.fr/fiche-mixte/auto-occasion-ds-ds-7-crossback-bluehdi-180ch-grand-chic-automatique-51100-reims-256760
DS,Ds 7 crossback,Hybride R/27 104 km/2020/Automatique,45 999 €,https://www.autosphere.fr/fiche-mixte/auto-occasion-ds-ds-7-crossback-e-tense-4x4-300ch-so-chic-86000-poitiers-21094
DS,Ds 3 crossback,Electrique/45 200 km/2020/Automatique,28 433 €,https://www.autosphere.fr/fiche-mixte/auto-occasion-ds-ds-3-crossback-e-tense-grand-chic-4cv-51100-reims-256603
DS,Ds 7 crossback,Essence/101 887 km/2018/Automatique,28 999 €,https://www.autosphere.fr/fiche/auto-occasion-ds-ds-7-crossback-puretech-225ch-grand-chic-automatique-79000-niort-3211043
DS,Ds 3 crossback,Essence/36 456 km/2019/Automatique,25 990 €,https://www.autosphere.fr/fiche-mixte/auto-occasion-ds-ds-3-crossback-puretech-130ch-grand-chic-automatique-109g-01007-bourg-en-bresse-dsbb000009
DS,Ds 7 crossback,Hybride R/13 000 km/2022/Automatique,55 990 €,https://www.autosphere.fr/fiche/auto-occasion-ds-ds-7-crossback-e-tense-225ch-ligne-noire-86000-poitiers-st38297358
DS,Ds 4,Essence/4 900 km/2022/Automatique,46 891 €,https://www.autosphere.fr/fiche-mixte/auto-occasion-ds-ds-4-puretech-225ch-rivoli-automatique-51530-dizy-304061
DS,Ds 7 crossback,Diesel/76 802 km/2018/Manuelle,25 990 €,https://www.autosphere.fr/fiche4/auto-occasion-ds-ds-7-crossback-bluehdi-130ch-so-chic-08000-charleville-mezieres-230111
DS,Ds 4,Essence/126 409 km/2017/Manuelle,12 480 €,https://www.autosphere.fr/fiche4/auto-occasion-ds-ds-4-puretech-130ch-so-chic-s-s-01000-bourg-en-bresse-123171
DS,Ds 4,Diesel/138 000 km/2017/Automatique,13 799 €,https://www.autosphere.fr/fiche/auto-occasion-ds-ds-4-bluehdi-120ch-sport-chic-s-s-eat6-86000-poitiers-12091
DS,Ds 5,Diesel/113 370 km/2016/Automatique,15 990 €,https://www.autosphere.fr/fiche/auto-occasion-ds-ds-5-bluehdi-120ch-business-s-s-eat6-64300-orthez-2302899
DS,Ds 5,Diesel/99 377 km/2018/Manuelle,16 499 €,https://www.autosphere.fr/fiche/auto-occasion-ds-ds-5-bluehdi-120ch-so-chic-s-s-86500-montmorillon-3211044
DS,Ds 3 crossback,Electrique/9 022 km/2020/Automatique,30 999 €,https://www.autosphere.fr/fiche-mixte/auto-occasion-ds-ds-3-crossback-e-tense-grand-chic-63000-clermont-ferrand-131525
DS,Ds 3,Essence/23 820 km/2017/Manuelle,17 499 €,https://www.autosphere.fr/fiche/auto-occasion-ds-ds-3-puretech-130ch-sport-chic-s-s-03110-charmeil-41872
DS,Ds 7 crossback,Hybride R/1 817 km/2022/Automatique,59 999 €,https://www.autosphere.fr/fiche-mixte/auto-occasion-ds-ds-7-crossback-e-tense-4x4-300ch-rivoli-79000-niort-3161
DS,Ds 3 crossback,Diesel/12 597 km/2021/Manuelle,26 399 €,https://www.autosphere.fr/fiche-mixte/auto-occasion-ds-ds-3-crossback-bluehdi-110ch-performance-line-44000-nantes-68724
DS,Ds 7 crossback,Hybride R/30 000 km/2020/Automatique,41 990 €,https://www.autosphere.fr/fiche-mixte/auto-occasion-ds-ds-7-crossback-e-tense-225ch-performance-line-77240-vert-saint-denis-9129653
DS,Ds 7 crossback,Diesel/81 405 km/2020/Automatique,30 799 €,https://www.autosphere.fr/fiche/auto-occasion-ds-ds-7-crossback-bluehdi-130ch-performance-line-automatique-138g-16430-champniers-3212006
DS,Ds 7 crossback,Diesel/52 802 km/2019/Automatique,31 399 €,https://www.autosphere.fr/fiche-mixte/auto-occasion-ds-ds-7-crossback-bluehdi-180ch-performance-line-automatique-128g-33700-merignac-2207086
DS,Ds 3,Essence/62 100 km/2018/Manuelle,14 693 €,https://www.autosphere.fr/fiche4/auto-occasion-ds-ds-3-puretech-110ch-so-chic-s-s-51530-dizy-304033
DS,Ds 3 crossback,Electrique/34 817 km/2020/Automatique,29 499 €,https://www.autosphere.fr/fiche-mixte/auto-occasion-ds-ds-3-crossback-e-tense-grand-chic-86000-poitiers-3207310
DS,Ds 7 crossback,Essence/22 814 km/2020/Automatique,35 799 €,https://www.autosphere.fr/fiche-mixte/auto-occasion-ds-ds-7-crossback-puretech-180ch-so-chic-automatique-10cv-86100-chatellerault-3207514
DS,Ds 3 crossback,Essence/15 389 km/2021/Manuelle,25 999 €,https://www.autosphere.fr/fiche-mixte/auto-occasion-ds-ds-3-crossback-puretech-100ch-bastille-86000-poitiers-3207309
DS,Ds 3 crossback,Diesel/6 457 km/2022/Automatique,32 499 €,https://www.autosphere.fr/fiche-mixte/auto-occasion-ds-ds-3-crossback-bluehdi-130ch-performance-line-automatique-03110-charmeil-41954
DS,Ds 3 crossback,Diesel/17 047 km/2019/Manuelle,21 999 €,https://www.autosphere.fr/fiche-mixte/auto-occasion-ds-ds-3-crossback-bluehdi-100ch-chic-41200-romorantin-lanthenay-37914
DS,Ds 7 crossback,Hybride R/9 400 km/2021/Automatique,51 990 €,https://www.autosphere.fr/fiche-mixte/auto-occasion-ds-ds-7-crossback-e-tense-4x4-300ch-rivoli-51100-reims-254706
